,State,city,Zipcode,latitude,longitude,counts
0,CA,Sun Valley,91352,34.2483191527193,-118.3879713743439,6
6,CA,Los Angeles,90024,34.052542,-118.448504,1346
1352,CA,Rosemead,91770,34.050745,-118.081014,15
1367,CA,Long Beach,90803,33.759802,-118.096665,224
1591,CA,Sacramento,95814,38.576769,-121.495022,258
1849,CA,Wilmington,90744,33.770508,-118.265628,7
1856,CA,Sylmar,91342,34.30309,-118.480505,8
1864,CA,El Monte,91731,34.06872,-118.064,25
1889,CA,La Jolla,92037,32.89947,-117.243,30
1919,CA,Escondido,92027,33.098589,-117.004433,32
1951,CA,Sepulveda,91343,34.221665,-118.468371,1
1952,CA,Riverside,92503,33.909914,-117.459053,105
2057,CA,Pasadena,91103,34.14762,-118.147111,80
2137,CA,South Pasadena,91030,34.118433,-118.149597,2
2139,CA,Northridge,91324,34.241116,-118.556708,20
2159,CA,Ontario,91764,34.07122,-117.575,40
2199,CA,Oxnard,93030,34.228315,-119.170865,35
2234,CA,Palm Springs,92262,33.824004,-116.543589,53
2287,CA,Pleasanton,94588,37.700187,-121.876172,89
2376,CA,Santa Monica,90405,34.017081,-118.44704,171
2547,CA,Sherman Oaks,91423,34.156839,-118.434454,13
2560,CA,Temecula,92590,33.49605,-117.152,30
2590,CA,Universal City,91608,34.138717,-118.35904,45
2635,CA,Van Nuys,91405,34.21108,-118.448704,22
2657,CA,Downey,90241,33.94756,-118.153806,33
2690,CA,San Francisco,94133,37.80619,-122.4152,479
3169,CA,Encino,91436,34.169242,-118.497212,5
3174,CA,San Pedro,90731,33.740758,-118.28192,13
3187,CA,San Fernando,91342,34.2924134,-118.4497914,10
3197,CA,Arcadia,91007,34.145528,-118.050548,16
3213,CA,Glendora,91741,34.13556,-117.864,11
3224,CA,Culver City,90230,33.9826,-118.3966,87
3311,CA,Santa Ana,92705,33.777054,-117.870566,56
3367,CA,Camarillo,93012,34.16657601660278,-119.0458546627045,16
3383,CA,Brea,92821,33.919899,-117.898618,13
3396,CA,Newbury Park,91320,34.192178,-118.934793,6
3402,CA,Oak View,93022,34.418322,-119.3368,1
3403,CA,San Dimas,91773,34.105275,-117.809208,7
3410,CA,Ventura,93009,34.267352,-119.2124,47
3457,CA,Playa del Rey,90293,33.917593,-118.425334,1
3458,CA,Baldwin Park,91706,34.089085,-117.95463,7
3465,CA,South Gate,90280,33.930663,-118.175758,4
3469,CA,Davis,95616,38.539336,-121.732405,46
3515,CA,San Luis Obispo,93401,35.25939,-120.64492,39
3554,CA,Santa Cruz,95061,36.973393,-122.024849,33
3587,CA,Fair Oaks,95628,38.66292,-121.2634,2
3589,CA,Antelope,95843,38.7042,-121.365,1
3590,CA,Placerville,95667,38.73323,-120.78962,17
3607,CA,Vacaville,95687,38.356027,-121.9628,31
3638,CA,Citrus Heights,95621,38.682605,-121.297614,5
3643,CA,Dixon,95620,38.457369,-121.842567,3
3646,CA,El Dorado Hills,95762,38.6476,-121.067,10
3656,CA,Elk Grove,95758,38.40553,-121.391,22
3678,CA,Granite Bay,95746,38.74453,-121.17,3
3681,CA,Carmichael,95608,38.618066,-121.334337,1
3682,CA,Rio Vista,94571,38.15485,-121.69,2
3684,CA,Fairfield,94533,38.25281,-122.044229,41
3725,CA,Vallejo,94590,38.105062,-122.265895,49
3774,WA,Lacey,98503,47.044011,-122.822404,14
3788,OR,Portland,97214,45.508396,-122.664667,183
3971,CA,Ukiah,95482,39.15,-123.2091,19
3990,CA,Auburn,95603,38.9412492,-121.1054805,15
4005,CA,King City,93930,36.188975,-121.075858,8
4013,CA,Lakewood,90712,33.84788,-118.13889,9
4022,CA,Larkspur,94939,37.94495,-122.5096,8
4030,CA,Oakland,94621,37.7136,-122.2087,231
4261,WA,Seattle,98188,47.443377,-122.296229,353
4614,ID,Boise,83702,43.608009,-116.197968,42
4656,OR,Salem,97303,44.99574,-123.019758,51
4707,OR,Beaverton,97006,45.508795,-122.8249,51
4758,OR,Lincoln City,97367,44.928439,-124.015824,7
4765,WA,Olympia,98502,47.035421,-122.938962,40
4805,CA,Salinas,93907,36.70104,-121.6673,37
4842,OR,Albany,97321,44.586123,-123.115389,7
4849,WA,Spokane,99252,47.673347,-117.388933,48
4897,AZ,Tucson,85748,32.236156,-110.781792,64
4961,OR,Eugene,97405,44.009797,-123.033213,41
5002,CA,Goleta,93117,34.44198,-119.829553,16
5018,OR,Hillsboro,97123,45.522609,-122.988535,59
5077,WA,Bellevue,98004,47.614744,-122.193162,175
5252,UT,Salt Lake City,84119,40.74686,-111.876,208
5460,WA,Tumwater,98501,46.984193,-122.904856,5
5465,WA,Issaquah,98027,47.545324,-122.0195,30
5495,WA,Redmond,98052,47.675897,-122.091237,40
5535,CO,Commerce City,80022,39.843886,-104.771138,2
5537,CO,Superior,80027,39.953798,-105.166116,11
5548,NM,Albuquerque,87102,35.08847,-106.649567,53
5601,NV,Reno,89511,39.47607,-119.79332,71
5672,WA,Bothell,98011,47.761878,-122.191915,17
5689,WA,Woodinville,98072,47.734211,-122.147041,12
5701,WA,Auburn,98002,47.338754,-122.221114,20
5721,WA,Bellingham,98229,48.755607,-122.454132,24
5745,WA,Bremerton,98312,47.562162,-122.684286,19
5764,WA,Burien,98148,47.458466,-122.333257,13
5777,WA,Edmonds,98026,47.778229,-122.344838,14
5791,WA,Everett,98204,47.90272981640562,-122.2469883724914,27
5818,WA,Pasco,99301,46.236607,-119.128998,3
5821,WA,Port Angeles,98362,48.102863,-123.342273,13
5834,WA,Puyallup,98371,47.207367,-122.294997,13
5847,WA,Renton,98058,47.448354,-122.2188,50
5897,WA,Spokane Valley,99212,47.657264,-117.312518,8
5905,WA,Tacoma,98409,47.21978,-122.48576,65
5970,WA,Vancouver,98662,45.648094,-122.597954,46
6016,WA,Walla Walla,99362,46.047464,-118.353406,15
6031,OR,Bend,97701,44.055213,-121.277279,34
6065,OR,Corvallis,97330,44.572608,-123.258425,21
6086,OR,Gladstone,97027,45.378967,-122.603899,5
6091,OR,McMinnville,97128,45.227394,-123.180863,8
6099,OR,Medford,97504,42.379969,-122.858192,17
6116,OR,The Dalles,97058,45.613979,-121.20996,5
6121,OR,Wilsonville,97070,45.326814,-122.770853,12
6133,AZ,Avondale,85323,33.459826,-112.284168,4
6137,AZ,Chandler,85286,33.286316,-111.791107,68
6205,AZ,Lake Havasu City,86404,34.54217,-114.35287,3
6208,AZ,Mesa,85206,33.385361,-111.695062,26
6234,AZ,Peoria,85382,33.636921,-112.253682,15
6249,AZ,Phoenix,85014,33.509862,-112.054162,206
6455,AZ,Surprise,85388,33.605183,-112.420442,12
6467,AZ,Scottsdale,85260,33.635224,-111.915739,120
6587,AZ,Tempe,85284,33.346812,-111.967793,77
6664,CA,Antioch,94509,38.007799,-121.832042,12
6676,CA,Bakersfield,93313,35.310723,-119.035324,41
6717,CA,Buena Park,90621,33.865497,-117.995215,16
6733,CA,Carson,90745,33.824968,-118.245675,15
6748,CA,Cathedral City,92234,33.78414,-116.471,8
6756,CA,Cerritos,90703,33.861544,-118.100471,13
6769,CA,Chico,95926,39.756332,-121.843715,19
6788,CA,City of Industry,91748,33.997621,-117.928216,75
6863,CA,Clovis,93612,36.836818,-119.717629,48
6911,CA,Colma,94014,37.671267,-122.463541,6
6917,CA,Concord,94520,37.980192,-122.050128,32
6949,CA,Corona,92882,33.88309,-117.615292,37
6986,CA,Costa Mesa,92626,33.675397,-117.918684,75
7061,CA,Duarte,91010,34.136553,-117.975944,4
7065,CA,El Cajon,92020,32.795896,-116.976156,33
7098,CA,Eureka,95501,40.800562,-124.164405,17
7115,CA,Folsom,95630,38.634132,-121.204871,49
7164,CA,Fontana,92336,34.135345,-117.445732,24
7188,CA,Fremont,94538,37.489389,-121.9576,98
7286,CA,Fresno,93710,36.818622,-119.789796,200
7486,CA,Garden Grove,92844,33.766376,-117.968337,14
7500,CA,Gardena,90247,33.889201,-118.307028,11
7511,CA,Gilroy,95020,36.996869,-121.558573,21
7532,CA,Glendale,91204,34.137054,-118.25536,51
7583,CA,Hayward,94544,37.662305,-122.075178,95
7678,CA,Hemet,92545,33.741163,-117.031718,8
7686,CA,Huntington Beach,92647,33.71069,-117.989861,47
7733,CA,Irvine,92618,33.632505,-117.723298,542
8275,CA,La Quinta,92253,33.70711,-116.283712,7
8282,CA,Merced,95340,37.305891,-120.502428,11
8293,CA,Mission Hills,91345,34.269809,-118.466606,7
8300,CA,Modesto,95356,37.705119,-120.99471,16
8316,CA,Montclair,91763,34.082404,-117.694876,5
8321,CA,Redlands,92374,34.065387,-117.212007,17
8338,CA,Napa,94559,38.292706,-122.277767,73
8411,CA,National City,91950,32.659001,-117.100836,20
8431,CA,Oceanside,92056,33.181953,-117.298334,20
8451,CA,Orange,92867,33.80857,-117.864434,100
8551,CA,Palmdale,93551,34.591173,-118.138184,21
8572,CA,Petaluma,94952,38.267202,-122.665068,29
8601,CA,Poway,92064,32.956772,-117.025943,7
8608,CA,Redding,96002,40.571632,-122.36654,12
8620,CA,Redwood City,94063,37.495963,-122.227322,166
8786,CA,Richmond,94806,37.985253,-122.32124,37
8823,CA,Roseville,95661,38.752198,-121.256452,36
8859,CA,San Bernardino,92408,34.074378,-117.298,57
8916,CA,San Diego,92111,32.833179,-117.147384,654
9570,CA,Sunnyvale,94087,37.359362,-122.022783,120
9690,CA,San Jose,95136,37.275144,-121.877656,538
10228,CA,San Juan Capistrano,92675,33.47443,-117.676142,4
10232,CA,San Leandro,94577,37.712609,-122.162746,26
10258,CA,Santa Clara,95051,37.323569,-121.988027,329
10587,CA,Santa Rosa,95404,38.425537,-122.714089,68
10655,CA,Seaside,93955,36.611189,-121.849899,14
10669,CA,Simi Valley,93065,34.277324,-118.778957,18
10687,CA,Stockton,95212,38.022022,-121.275339,26
10713,CA,Tracy,95304,37.75990555387505,-121.4632051865082,17
10730,CA,Tustin,92782,33.72484,-117.799302,22
10752,CA,Valencia,91355,34.420546,-118.557774,10
10762,CA,Victorville,92394,34.517883,-117.3219,22
10784,CA,Visalia,93292,36.32327,-119.27569,16
10800,CA,West Covina,91791,34.074227,-117.890899,18
10818,OR,Ashland,97520,42.187149,-122.689496,18
10836,OR,Clackamas,97015,45.43039546782978,-122.5722026653595,7
10843,OR,Sherwood,97140,45.355354,-122.840126,10
10853,NV,Las Vegas,89146,36.145081,-115.227058,211
11064,CA,Mountain View,94041,37.390383,-122.0827,108
11172,WA,SeaTac,98188,47.434021,-122.273183,12
11184,WA,Sammamish,98075,47.601657,-122.036938,8
11192,CO,Fort Collins,80524,40.593417,-105.0684,65
11257,CO,Boulder,80301,40.024578,-105.232194,170
11427,WA,Kent,98032,47.424222,-122.256619,12
11439,CA,Malibu,90265,34.035802,-118.686393,24
11463,CO,Denver,80202,39.742113,-104.991416,267
11730,CA,Aliso Viejo,92656,33.577103,-117.723844,21
11751,WA,Yakima,98901,46.590246,-120.500687,18
11769,WA,Monroe,98272,47.868914,-121.987449,3
11772,WA,Snohomish,98296,47.864699,-122.138672,7
11779,CA,Healdsburg,95448,38.6085938,-122.8688,35
11814,CA,Dublin,94568,37.702909,-121.91835,35
11849,WA,Rockport,98283,48.673466,-121.261467,2
11851,CA,Sutter Creek,95685,38.379983,-120.807672,4
11855,WA,Oak Harbor,98277,48.288066,-122.648224,5
11860,CA,Westlake Village,91362,34.148413,-118.798832,26
11886,CO,Aurora,80012,39.702351,-104.865298,58
11944,CO,Centennial,80112,39.594525,-104.872435,16
11960,CO,Colorado Springs,80916,38.81233,-104.756795,45
12005,CO,Durango,81303,37.269708,-107.907728,24
12029,CO,Greeley,80634,40.39443,-104.736034,9
12038,CO,Lakewood,80401,39.732606,-105.163711,20
12058,CO,Littleton,80123,39.626641,-105.090506,19
12077,CO,Longmont,80501,40.151989,-105.108644,41
12118,CO,Pueblo,81008,38.312144,-104.640891,19
12137,CA,Burlingame,94010,37.57792,-122.341931,9
12146,CA,Campbell,95008,37.287593,-121.946908,41
12187,CA,Indian Wells,92210,33.72323,-116.324409,8
12195,ID,Idaho Falls,83401,43.506418,-112.000182,17
12212,NM,Santa Fe,87507,35.61229,-106.0323,54
12266,CA,Rancho Cucamonga,91730,34.120214,-117.593952,30
12296,CA,Capitola,95010,36.981884,-121.962228,4
12300,CA,Yosemite National Park,95389,37.74656,-119.584,2
12302,UT,Murray,84107,40.672936,-111.889147,26
12328,UT,North Salt Lake,84054,40.858562,-111.902958,3
12331,CA,Santa Maria,93454,34.931796,-120.420639,21
12352,CA,Cotati,94931,38.32398,-122.709121,7
12359,CA,Palm Desert,92260,33.75562,-116.361,36
12395,CA,Torrance,90503,33.842487,-118.354006,81
12476,CA,Moffett Field,94035,37.416283,-122.059908,2
12478,CA,Monterey Park,91754,34.036123,-118.148995,6
12484,CA,Morro Bay,93442,35.36725,-120.847,2
12486,CA,Fullerton,92832,33.869725,-117.938109,78
12564,WA,Wenatchee,98801,47.44851,-120.331437,17
12581,CA,Lodi,95240,38.13437,-121.2884,23
12604,CA,Monrovia,91016,34.13867,-117.9869,8
12612,CA,Pomona,91768,34.049341,-117.82341,12
12624,CA,Colfax,95713,39.084259,-120.956,5
12629,CA,West Hollywood,90069,34.08983,-118.393,54
12683,UT,Logan,84321,41.737713,-111.834442,17
12700,UT,Riverdale,84405,41.179728,-111.994029,2
12702,UT,St. George,84770,37.077643,-113.588156,8
12710,MT,Missoula,59801,46.845621,-114.023339,9
12719,CO,Grand Junction,81501,39.074359,-108.572597,26
12745,NM,Rio Rancho,87124,35.218873,-106.66282,3
12748,CA,Santa Barbara,93105,34.441146,-119.748892,70
12818,WA,Mount Vernon,98273,48.437569,-122.325494,8
12826,CA,Chatsworth,91311,34.253049,-118.598675,15
12841,OR,Tigard,97224,45.39645,-122.75364,16
12857,CA,Palo Alto,94304,37.782284,-122.418185,159
13016,CA,Hollister,95023,36.841817,-121.457305,12
13028,CA,Colton,92324,34.063087,-117.321885,13
13041,CA,Truckee,96161,39.324006,-120.169783,20
13061,OR,Oregon City,97045,45.333825,-122.596795,15
13076,WY,Cheyenne,82001,41.130047,-104.837326,6
13082,WA,Sequim,98382,48.079908,-123.105772,6
13088,WA,Fife,98424,47.244104,-122.383139,5
13093,CA,Manhattan Beach,90266,33.886925,-118.409726,38
13131,CA,Rancho Palos Verdes,90275,33.734966,-118.333329,3
13134,CA,San Rafael,94903,38.007147,-122.554769,68
13202,CA,Santa Ynez,93460,34.606071,-120.093694,5
13207,NV,Henderson,89014,36.048732,-115.027733,35
13242,NV,Jean,89019,35.610388,-115.391987,2
13244,CO,Carbondale,81623,39.401918,-107.211389,10
13254,WA,Port Orchard,98366,46.979315,-122.914031,4
13258,CA,Martinez,94533,37.99521,-122.116,24
13282,CA,Fort Irwin,92310,35.262442,-116.713878,19
13301,MT,Bozeman,59771,45.677719,-111.036339,7
13308,OR,Glide,97443,43.236194,-122.940719,1
13309,CA,Olympic Valley,96146,39.19591,-120.236254,2
13311,CO,Loveland,80537,40.394378,-105.070159,26
13337,CA,Calabasas,91302,34.104235,-118.711535,8
13345,ID,Coeur d'Alene,83814,47.697849,-116.808373,6
13351,OR,Hood River,97031,45.713918,-121.516681,12
13363,CA,Pismo Beach,93449,35.136076,-120.623728,16
13379,CA,Solvang,93463,34.605901,-120.101372,8
13387,OR,Seal Rock,97376,44.504993,-124.079315,1
13388,WA,Mazama,98833,48.594482,-120.406494,1
13389,CA,Placentia,92870,33.887622,-117.838402,8
13397,CA,Alameda,94501,37.756871,-122.253088,21
13418,ID,Nampa,83687,43.600942,-116.507727,9
13427,NV,Carson City,89701,39.133346,-119.770034,9
13436,CA,La Crescenta,91214,34.231802,-118.25136,3
13439,CA,Lemon Grove,91945,32.744765,-117.030389,1
13440,CA,Thousand Oaks,91362,34.1629744,-118.8282546,35
13475,CA,Vista,92083,33.196108,-117.250815,13
13488,CA,Woodland Hills,91367,34.182338,-118.606363,10
13498,OR,North Bend,97459,43.393471,-124.21869,4
13502,CO,Greenwood Village,80111,39.614825,-104.898181,15
13517,NV,Stateline,89449,38.960367,-119.940888,4
13521,OR,Coos Bay,97420,43.366504,-124.214993,3
13524,WA,Chelan,98816,47.8399,-120.0199,5
13529,WA,Winthrop,98862,48.476543,-120.180796,3
13532,WA,Omak,98841,48.421424,-119.503978,1
13533,WA,Leavenworth,98826,47.758434,-120.742416,12
13545,WA,Pateros,98846,48.051825,-119.901506,1
13546,CA,Albany,94706,37.893607,-122.300246,2
13548,WA,Ridgefield,98642,45.748069,-122.662816,17
13565,UT,Orem,84058,40.272987,-111.701159,29
13594,CA,Upland,91786,34.107363,-117.667072,5
13599,WY,Jackson,83001,43.477902,-110.764861,17
13616,NV,Incline Village,89451,39.25443,-119.923261,8
13624,WA,Cougar,98616,46.051228,-122.301754,1
13625,CA,Gustine,95322,37.055147,-121.015402,6
13631,UT,Lehi,84043,40.435265,-111.89106,57
13688,WA,Mercer Island,98040,47.572423,-122.223262,16
13704,CA,San Simeon,93452,35.61477,-121.145461,3
13707,CA,Felton,95018,37.039479,-122.068751,2
13709,CA,Chula Vista,91911,32.595542,-117.02529,50
13759,OR,Bandon,97411,43.119134,-124.407312,5
13764,WA,Richland,99352,46.260176,-119.280814,51
13815,WA,Longmire,98397,46.761214,-122.040397,1
13816,WA,Ashford,98304,46.755816,-122.120894,5
13821,CA,Woodland,95776,38.679225,-121.753508,20
13841,CO,Breckenridge,84024,39.513986,-106.050975,17
13858,CO,Rifle,81650,39.525883,-107.745102,5
13863,CO,Leadville,80461,39.23623432378932,-106.3024708889771,3
13866,CA,Mill Valley,94941,37.893488,-122.572748,9
13875,NV,Sparks,89431,39.540389,-119.749374,19
13894,CO,Parachute,81623,39.455231,-108.050053,1
13895,WA,Blaine,98230,48.989751,-122.773271,4
13899,CO,Montrose,81401,38.479653,-107.874886,7
13906,CA,Somerset,95684,38.633369,-120.62423,2
13908,UT,Pleasant Grove,84062,40.352197,-111.769819,4
13912,CA,Redondo Beach,90278,33.872549,-118.360193,8
13920,CA,Menlo Park,94025,37.465509,-122.160776,361
14281,CO,Estes Park,80517,40.377588,-105.520449,13
14294,CA,Berkeley,94710,37.873525,-122.304802,109
14403,CA,Paso Robles,93446,35.641205,-120.687141,48
14451,CA,Point Reyes Station,94956,38.040933,-122.800044,2
14453,CA,Belmont,94002,37.5335013,-122.2723743,7
14460,OR,Arlington,97812,45.7176,-120.20343,1
14461,CA,Agoura,91301,34.13805,-118.714873,1
14462,CA,Alhambra,91803,34.084323,-118.149744,13
14475,CA,Castaic,91384,34.465239,-118.586761,5
14480,CA,Lancaster,93536,34.699161,-118.236662,28
14508,CA,Lynwood,90059,33.928019,-118.225363,6
14514,CA,Norwalk,90650,33.914865,-118.066813,10
14524,CA,Santa Clarita,91355,34.416092,-118.551259,31
14555,CA,Temple City,91780,34.103035,-118.07594,1
14556,CA,Walnut,91789,34.029518,-117.83428,3
14559,WA,Longview,98632,46.141922,-122.940192,3
14562,CA,Studio City,91604,34.139746,-118.361851,11
14573,CA,El Segundo,90245,33.916294,-118.385869,47
14620,CO,Aspen,81611,39.191258,-106.818009,29
14649,CA,Ferndale,95536,40.575434,-124.264839,5
14654,CO,Brighton,80601,39.924079,-104.811713,12
14666,CO,Highlands Ranch,80129,39.560813,-105.004869,12
14678,CA,Point Arena,95468,38.9143349,-123.7097718,2
14680,WA,East Wenatchee,98802,47.400783,-120.279071,3
14683,CA,Jenner,95450,38.5159746604047,-123.2467089497376,3
14686,OR,Sandy,97055,45.400895,-122.281716,3
14689,CA,Plymouth,95669,38.53691,-120.79411,6
14695,CO,Northglenn,80234,39.884699,-104.991004,2
14697,CA,Philo,95466,39.0979,-123.484338,5
14702,CA,Marina Del Rey,90292,33.978488,-118.442785,6
14708,CA,Commerce,90022,34.011408,-118.153406,16
14724,WA,Kirkland,98034,47.716056,-122.179455,36
14760,CA,Morgan Hill,95037,37.134563,-121.632944,17
14777,WA,Kennewick,99336,46.213233,-119.162367,6
14783,CO,Glenwood Springs,81601,39.54647,-107.323692,19
14802,WA,Mukilteo,98275,47.890423,-122.286971,3
14805,CA,Winters,95694,38.521374,-121.968032,2
14807,UT,Springdale,84767,37.251,-112.9558,10
14817,CO,Eagle,81631,39.652053,-106.827821,7
14824,NV,Laughlin,89029,35.14459,-114.578187,7
14831,NV,Paradise,89109,36.119644,-115.16898,2
14833,CA,Gaviota,93117,34.543044,-120.191925,1
14834,AZ,Gilbert,85234,33.342649,-111.70276,19
14853,ID,Meridian,83642,43.59012,-116.390613,7
14860,CA,Anaheim,92806,33.80436800533128,-117.8771492380982,203
15063,OR,Banks,97106,45.61007,-123.11286,2
15065,OR,Central Point,97497,42.378367,-122.900702,2
15067,OR,Roseburg,97470,43.226684,-123.355712,10
15077,OR,Wolf Creek,97497,42.695946,-123.395956,1
15078,WA,Centralia,98531,46.725274,-122.974224,5
15083,OR,Springfield,97477,44.084422,-123.039829,5
15088,WA,Castle Rock,98611,46.276122,-122.910167,1
15089,WA,Burlington,98233,48.457448,-122.335866,4
15093,OR,Newport,97365,44.632443,-124.055347,7
15100,WA,Custer,98240,48.927904,-122.648343,1
15101,WA,Skykomish,98288,47.711268,-121.360495,3
15104,OR,Oakland,97462,43.537046,-123.290133,1
15105,OR,Canyonville,97417,42.940681,-123.290092,2
15107,WA,Port Townsend,98368,48.093634,-122.813252,7
15114,CA,Fort Bragg,95437,39.460807,-123.806806,8
15122,CO,Steamboat Springs,80487,40.490191,-106.839184,13
15135,OR,Milwaukie,97222,45.430256,-122.645106,7
15142,CA,Banning,92220,33.9317483,-116.9459506,5
15147,WA,Bainbridge Island,98110,47.624921,-122.51934,5
15152,CA,Yosemite Valley,95386,37.745956,-119.574336,1
15153,CA,Hollywood,90028,34.09846,-118.332885,7
15160,OR,Independence,97351,44.865232,-123.183309,5
15165,CO,Kremmling,80459,40.059492,-106.392923,2
15167,WY,Riverton,82501,42.994756,-108.370846,3
15170,CO,Paonia,81428,38.855424,-107.614795,4
15174,CA,St. Helena,94574,38.509959,-122.456246,15
15189,CA,South Lake Tahoe,96150,38.933046,-119.971569,24
15213,CO,Winter Park,80482,39.917213,-105.785621,2
15215,CA,Hanford,93230,36.320443,-119.655306,15
15230,CA,Chowchilla,93610,37.124793,-120.248388,4
15234,CA,Madera,93638,36.977703,-120.074695,20
15254,CA,Oakhurst,93644,37.335923,-119.646151,9
15263,CA,Oakdale,95361,37.770686,-120.834766,6
15269,CA,Patterson,95363,37.463831,-121.123359,6
15275,CA,Turlock,95382,37.522473,-120.860467,11
15286,CA,Exeter,93221,36.297258,-119.140309,1
15287,CA,Porterville,93257,36.080904,-119.035353,6
15293,AZ,Maricopa,85139,33.0238,-112.0502,1
15294,CO,Parker,80138,39.548267,-104.770933,3
15297,UT,Jensen,84035,40.438174,-109.307043,1
15298,AZ,Prescott,86301,34.546055,-112.466839,6
15304,WA,Coulee City,99115,47.616684,-119.287843,1
15305,AZ,Ak-Chin Indian Community,85239,33.024706,-112.049351,2
15307,OR,Carlton,97111,45.313977,-123.100942,3
15310,CA,Compton,90220,33.870986,-118.243988,3
15313,CA,Coronado,92118,32.624534,-117.130306,18
15331,CA,Elk,95432,39.130281,-123.718758,3
15334,CA,Encinitas,92024,33.045052,-117.292178,6
15340,CA,Galt,95632,38.264827,-121.305544,3
15343,CA,Little River,95456,39.27641,-123.768462,6
15349,CA,Mendocino,95460,39.350629,-123.814654,8
15357,CA,Rancho Cordova,95670,38.589518,-121.285008,9
15366,CA,West Sacramento,95605,38.587558,-121.565487,14
15380,UT,South Jordan,84095,40.54929,-111.896981,8
15388,CO,Berthoud,80513,40.30339304,-105.1046104105,2
15390,CA,Stinson Beach,94970,37.896506,-122.639414,1
15391,CO,Frederick,80530,40.1023,-104.947547,3
15394,CA,Tahoe City,96145,39.166653,-120.14823,5
15399,CA,Novato,94949,38.057367,-122.514066,31
15430,CA,Mojave,93501,35.04482745606593,-118.1555302711639,11
15441,CA,Delano,93215,35.761418,-119.238878,6
15447,WY,Mammoth Hot Springs,82190,44.976458,-110.701949,2
15449,WA,Federal Way,98003,47.313989,-122.300707,10
15459,OR,Grants Pass,97526,42.43512,-123.306507,7
15466,CA,Yuba City,96001,39.142006,-121.614946,5
15471,CA,Marysville,95901,39.145498,-121.583959,7
15478,CA,Olivehurst,95961,39.10746,-121.564815,1
15479,CA,Walnut Creek,94597,37.919658,-122.063733,66
15545,CA,Lemoore,93245,36.292683,-119.780841,8
15553,OR,Woodburn,97071,45.150881,-122.878368,8
15561,ID,Pocatello,83201,42.861836,-112.442847,4
15565,ID,Hailey,83333,43.543153,-114.328756,7
15572,ID,Payette,83661,44.057043,-116.928333,2
15574,NV,Beatty,89003,36.9139,-116.754253,3
15577,OR,Halsey,97348,44.388672,-123.057072,2
15579,OR,Cottage Grove,97424,43.804346,-123.045188,4
15583,OR,McKenzie Bridge,97413,44.173131,-122.221159,1
15584,OR,Sisters,97759,44.297746,-121.562018,5
15589,OR,Detroit,97342,44.733181,-122.150001,2
15591,WA,Sultan,98294,47.862157,-121.816597,1
15592,OR,Astoria,97103,46.190172,-123.833328,3
15595,OR,Newberg,97132,45.30867,-122.941716,8
15603,OR,Florence,97439,43.976542,-124.087455,6
15609,OR,Scappoose,97056,45.741826,-122.877316,3
15612,OR,Mill City,97360,44.756895,-122.480022,6
15618,OR,Welches,97067,45.344393,-121.947981,2
15620,OR,Cascade Locks,97014,45.67071,-121.88823,1
15621,OR,Yachats,97498,44.312715,-124.105434,3
15624,OR,Elkton,97436,43.63635,-123.565872,1
15625,OR,Warm Springs,97761,44.76316,-121.25056,1
15626,OR,Reedsport,97467,43.697984,-124.112514,3
15629,OR,Monmouth,97361,44.846196,-123.229619,1
15630,WA,Cle Elum,98922,47.208469,-121.019582,4
15634,OR,Grand Ronde,97347,45.060267,-123.57813,1
15635,WA,Snoqualmie Pass,98068,47.42094,-121.4113,2
15637,OR,Veneta,97487,44.051007,-123.351922,1
15638,OR,Tillamook,97141,45.474795,-123.845554,10
15648,OR,Cannon Beach,97110,45.890201,-123.954666,7
15655,OR,Redmond,97756,44.26766,-121.17681,7
15662,OR,WESTPORT,97016,46.130686,-123.373559,1
15663,OR,Government Camp,97028,45.30191,-121.7733,1
15664,CA,Oak Glen,92399,34.039816,-116.941481,1
15665,OR,Dundee,97115,45.268997,-123.020986,5
15670,CO,Westminster,80021,39.878705,-105.097595,36
15706,OR,Madras,97741,44.630769,-121.131472,9
15715,CA,Brooks,95606,38.732886,-122.143539,2
15717,MT,Billings,59102,45.754983,-108.568626,6
15723,MT,Kalispell,59901,48.1634,-114.286926,4
15727,CA,Ceres,95307,37.598952,-120.972133,2
15729,CA,Laguna Hills,92656,33.590023,-117.730359,6
15735,CA,Coffee Creek,96091,41.08459428950268,-122.718496665329,2
15737,CA,Irwindale,91702,34.128551,-117.932122,3
15740,CA,Azusa,91702,34.095736,-117.890195,13
15753,CA,South San Francisco,94080,37.660128,-122.397626,170
15923,CA,Selma,93662,36.570975,-119.629736,9
15932,CO,Grand Lake,80447,40.249878,-105.817095,1
15933,WA,Pullman,99163,46.732394,-117.164374,8
15941,AZ,Flagstaff,86001,35.180212,-111.657953,24
15965,CO,Buena Vista,81211,38.841903,-106.130572,4
15969,WA,La Conner,98257,48.391109,-122.496837,1
15970,CO,Lafayette,80026,40.012107,-105.125443,17
15987,AZ,Holbrook,86025,34.79213,-109.891143,3
15990,OR,Port Orford,97465,42.74927,-124.497018,2
15992,OR,Brookings,97415,42.05418,-124.28892,1
15993,WA,Quincy,98848,47.235171,-119.853809,2
15995,OR,Heppner,97836,45.356558,-119.553373,1
15996,CA,Coalinga,93210,36.2561,-120.248181,12
16008,CA,Tulare,93274,36.225598,-119.333601,6
16014,WY,Moose,83012,43.653353,-110.71854,2
16016,WA,Twisp,98856,48.362102,-120.121376,1
16017,CO,Salida,81201,38.542959,-106.008655,9
16026,OR,Condon,97823,45.234126,-120.184295,1
16027,CA,Lost Hills,93249,35.617189,-119.656363,2
16029,CO,Snowmass Village,81615,39.220459,-106.93193,5
16034,CA,San Carlos,94070,37.500518,-122.246433,10
16044,CA,Taft,93268,35.140839,-119.448704,2
16046,WA,Concrete,98237,48.537035,-121.758653,1
16047,CA,Garberville,95542,40.098333,-123.795397,4
16051,UT,Sandy,84070,40.574722,-111.893125,42
16093,NV,Fallon,89406,39.475259,-118.767941,8
16101,AZ,Sierra Vista,85635,31.554201,-110.268313,3
16104,AZ,Yuma,85365,32.670507,-114.599182,4
16108,WA,Republic,99166,48.64698,-118.737542,1
16109,WA,Kenmore,98028,47.731215,-122.249567,3
16112,CO,Windsor,80550,40.464906,-104.852293,4
16116,OR,Seaside,97138,45.978568,-123.926604,3
16119,CO,Edwards,81632,39.645807,-106.588043,8
16127,MT,Helena,59601,46.598394,-112.031142,4
16131,MT,Gardiner,59030,45.029727,-110.70782,1
16132,WY,Teton Village,83025,43.586682,-110.826899,2
16134,WA,Davenport,99122,47.652922,-118.150361,1
16135,CA,Livermore,94551,37.69435,-121.74205,32
16167,CO,Arvada,80002,39.798752,-105.079549,15
16182,CO,Englewood,80113,39.654727,-104.961309,13
16195,WA,Kingston,98346,47.812524,-122.540217,2
16197,WA,Poulsbo,98370,47.760676,-122.649657,5
16202,WA,Long Beach,98631,46.349339,-124.05352,2
16204,CA,Stateline,89449,38.96016,-119.942614,2
16206,WY,Lander,82520,42.840074,-108.744943,1
16207,CO,Fort Lupton,80621,40.079084,-104.806977,2
16209,CA,Huron,93234,36.206049,-120.103577,7
16216,CA,Lincoln,95648,38.840266,-121.315634,14
16230,WA,Bridgeport,98813,48.009356,-119.672953,1
16231,WA,Tonasket,98855,48.705586,-119.438406,1
16232,UT,South Salt Lake,84115,40.730178,-111.900669,5
16237,CA,Danville,94506,37.783831,-121.967591,9
16246,CO,Golden,80401,39.729753,-105.21053,42
16288,WY,Cody,82414,44.474993153795,-109.427828,2
16290,OR,Lake Oswego,97035,45.41896,-122.715093,29
16319,WA,North Bend,98045,47.42101,-121.791179,4
16323,CA,Kerman,93630,36.727657,-120.0617,4
16327,CA,Kingsburg,93631,36.514767,-119.55285,5
16332,CA,Mendota,93640,36.753933,-120.382469,13
16345,CA,San Joaquin,93660,36.605946,-120.186373,2
16347,CA,Reedley,93654,36.599016,-119.453595,4
16351,CA,Orange Cove,93646,36.623959,-119.312389,4
16355,CA,Sanger,93657,36.706162,-119.562194,8
16363,CA,Parlier,93648,36.612177,-119.540641,3
16366,CA,Fowler,93625,36.627738,-119.677688,4
16370,CO,Avon,81620,39.637812,-106.534988,21
16391,CO,Vail,81657,39.641089,-106.394388,27
16418,UT,Draper,84020,40.529191,-111.859257,44
16462,NV,Panaca,89042,37.789859,-114.407796,2
16464,CA,Firebaugh,93622,36.859284,-120.455057,5
16469,CO,Basalt,81621,39.368351,-107.038403,8
16477,WA,spokane,99201,47.652783,-117.434917,1
16478,UT,Washington,84780,37.14512,-113.486888,3
16481,UT,Fillmore,84631,38.948074,-112.346432,4
16485,CA,Bloomington,92316,34.062956,-117.378269,1
16486,MT,Big Sky,59716,45.261,-111.307521,4
16490,NM,Las Cruces,88012,32.462139,-106.614,7
16497,WY,Old Faithful,82190,44.458498,-110.823834,2
16499,WY,Canyon,82190,44.732811,-110.485299,2
16501,AZ,Marana,85653,32.5209,-111.329827,2
16503,ID,Eagle,83616,43.686844,-116.348558,3
16506,CA,Perris,92585,33.760846,-117.185047,9
16515,WA,Gig Harbor,98335,47.329291,-122.578979,8
16523,WA,Arlington,98223,48.180175,-122.12563,7
16530,ID,Bellevue,83313,43.471759,-114.26486,2
16532,CA,Atherton,94027,37.458145,-122.194842,3
16535,CA,Los Altos,94024,37.367487,-122.105797,23
16558,CA,Cupertino,95014,37.33754,-122.038164,85
16643,WY,Dubois,82513,43.534538,-109.639602,1
16644,UT,Park City,84098,40.724041,-111.546222,17
16661,UT,Coalville,84017,40.918173,-111.399073,3
16664,CO,Ridgway,81432,38.1525284247078,-107.7551088465576,4
16668,CO,Thornton,80233,39.883636,-104.979943,14
16682,UT,Cedar City,84721,37.730896,-113.054399,10
16692,UT,Santaquin,84655,39.976316,-111.769044,2
16694,CO,Niwot,80503,40.102895,-105.145042,1
16695,CA,Signal Hill,90755,33.802309,-118.168307,4
16699,CO,Louisville,80027,39.95818,-105.17159,20
16719,CA,Rocklin,95677,38.799779,-121.204591,13
16732,UT,Farmington,84025,40.983532,-111.905488,4
16736,WA,Friday Harbor,98250,48.536489,-123.021351,7
16743,WA,Eastsound,98245,48.692979,-122.904798,2
16745,WA,Olga,98279,48.641279,-122.781015,1
16746,WA,Lopez,98261,48.521863,-122.909571,2
16748,WA,Spanaway,98445,47.097774,-122.40071,2
16750,OR,Christmas Valley,97641,43.237312,-120.690638,1
16751,CA,Agoura Hills,91301,34.148198,-118.762487,17
16768,CA,Arcata,95521,40.901079,-124.084301,14
16782,CA,Barstow,92311,34.85571,-117.082191,15
16797,CA,Canoga Park,91303,34.191637,-118.597035,11
16808,CA,Emeryville,94608,37.845051,-122.292424,20
16828,CA,Inglewood,90303,33.947477,-118.339828,40
16868,CA,Kentfield,94904,37.952331,-122.54915,13
16881,CA,La Palma,90623,33.859752,-118.039334,4
16885,CA,Milpitas,95035,37.445272,-121.919803,71
16956,CA,Playa Vista,90094,33.979327,-118.406543,4
16960,CA,Vernon,90058,34.005461,-118.22871,3
16963,NV,Hawthorne,89415,38.53246,-118.625076,3
16966,CA,East Los Angeles,90022,34.033838,-118.152742,1
16967,CO,Boone,81025,38.434404,-104.285437,2
16969,CA,San Anselmo,94960,37.977309,-122.553439,6
16975,OR,Gresham,97080,45.494909,-122.404711,6
16981,AZ,Glendale,85310,33.711116,-112.201538,20
17001,CA,Carlsbad,92008,33.131337,-117.309163,51
17052,OR,Tualatin,97062,45.381549,-122.756283,4
17056,WA,Silverdale,98383,47.65265,-122.695072,24
17080,AZ,Apache Junction,85119,33.424795,-111.544448,2
17082,WA,Mt. Vernon,98273,48.436423,-122.3088327,3
17085,AZ,Cave Creek,85331,33.752384,-111.9907679,2
17087,CA,East Palo Alto,94303,37.46038,-122.14228,2
17089,WA,Tukwila,98188,47.44897,-122.25331,12
17101,OR,PORTLAND,97215,45.512037,-122.618159,1
17102,AZ,Paradise Valley,85253,33.54093,-111.935054,2
17104,WA,Sumner,98390,47.203981,-122.237313,1
17105,CA,Oakley,94561,38.005536,-121.751895,1
17106,WA,Shoreline,98177,47.769184,-122.37546,5
17111,CA,San Ramon,94583,37.724427,-121.94313,34
17145,OR,Forest Grove,97116,45.520381,-123.113039,5
17150,CA,Solana Beach,92075,32.983422,-117.270627,10
17160,CA,Granada Hills,91344,34.265556,-118.524472,5
17165,OR,Happy Valley,97086,45.459184,-122.581079,11
17176,CA,San Juan Bautista,95045,36.844726,-121.5395,1
17177,CO,Broomfield,80021,39.906012,-105.092727,21
17198,OR,Falls City,97344,44.865414,-123.434127,1
17199,CA,Pleasant Hill,94523,37.95348,-122.059919,18
17217,CA,Brentwood,94513,37.92569,-121.736456,32
17249,WA,Belfair,98528,47.451373,-122.826865,1
17250,WA,REDMOND,98052,47.670707,-122.103973,1
17251,WA,Maple Valley,98038,47.362455,-122.017988,1
17252,CA,Burbank,91502,34.174558,-118.303142,70
17322,AZ,Oro Valley,85737,32.40833,-110.994504,2
17324,CA,Los Banos,93635,37.058477,-120.895492,6
17330,WA,Covington,98042,47.359935,-122.103668,4
17334,WA,Des Moines,98198,47.389484,-122.301609,5
17339,OR,Molalla,97038,45.145345,-122.566024,1
17340,CA,San Mateo,94402,37.554604,-122.30747,74
17414,OR,Wood Village,97060,45.530047,-122.427359,2
17416,UT,Tooele,84074,40.647105,-112.289167,2
17418,WA,Oroville,98844,48.938283,-119.436456,2
17420,WA,Soap Lake,98851,47.39125,-119.483647,1
17421,WA,Manson,98831,47.883847,-120.154608,3
17424,CA,Loma Linda,92357,34.050282,-117.252416,11
17435,NV,Sugar Bunker,89023,36.885503,-116.033391,1
17436,MT,Fort Smith,59035,45.31091,-107.935926,1
17437,CA,San Clemente,92672,33.3864,-117.5805,19
17456,UT,Wellsville,84339,41.644053,-111.913022,2
17458,CA,azusa,91702,34.127418,-117.890362,1
17459,CA,Moreno,92555,33.934533,-117.180407,1
17460,CA,Diamond Bar,91765,34.001271,-117.8289,13
17473,WA,SPOKANE,99204,47.649276,-117.411477,2
17475,WA,Clarkston,99403,46.425498,-117.04865,1
17476,WA,Rosalia,99170,47.234673,-117.370063,1
17477,NM,Albertville,55301,45.244023,-93.662775,1
17478,WA,Liberty Lake,99019,47.671569,-117.102884,6
17484,CA,North Hollywood,91606,34.18884,-118.387653,25
17509,CA,Winnetka,91306,34.220066,-118.573028,1
17510,CA,Tarzana,91356,34.166729,-118.530084,6
17516,CA,Venice,90291,33.985498,-118.469336,11
17527,CA,North Hills,91343,34.234966,-118.487435,3
17530,CA,Westwood,90024,34.061656,-118.446408,1
17531,CA,LA,90004,34.07527,-118.323399,1
17532,WA,Deer Park,99006,47.943785,-117.477441,1
17533,CA,Whittier,90601,34.033257,-118.020892,18
17551,WA,Ellensburg,98926,46.994236,-120.549197,4
17555,UT,Farr West,84404,41.307063,-112.0248,1
17556,WA,Ocean Shores,98569,47.042642,-124.170682,2
17558,NM,Prewitt,87045,35.301694,-108.107741,1
17559,CA,Atascadero,93422,35.486347,-120.666102,3
17562,CA,Fish Camp,93623,37.473005,-119.636116,2
17564,NM,Cloudcroft,88317,32.958821,-105.744106,1
17565,UT,Vernal,84078,40.455916,-109.52307,1
17566,CA,Rialto,92376,34.106957,-117.382616,5
17571,CO,Fraser,80442,39.927843,-105.789359,2
17573,NM,Aztec,87410,36.824393,-107.997055,1
17574,WA,Mountlake Terrace,98043,47.798901,-122.3025,2
17576,AZ,Buckeye,85326,33.443,-112.5569,3
17579,AZ,Casa Grande,85194,32.8788,-111.6817,3
17582,AZ,Kingman,86401,35.1913,-114.0656,4
17586,AZ,Mayer,86333,34.3275,-112.1185,1
17587,AZ,Page,86040,36.9249,-111.468,2
17589,AZ,Quartzsite,85346,33.6608,-114.2418,2
17591,AZ,Willcox,85643,32.2701,-109.846,1
17592,CA,Baker,92309,35.2627,-116.0807,10
17602,CA,Buellton,93427,34.6146,-120.1884,4
17606,CA,Buttonwillow,93206,35.4001,-119.3978,5
17611,CA,Cabazon,92230,33.9313,-116.8201,13
17624,CA,Corning,96021,39.9265,-122.1984,2
17626,CA,Crescent City,95531,41.7524,-124.1944,6
17632,CA,El Centro,92243,32.7608,-115.5325,5
17637,CA,Fountain Valley,92708,33.7028,-117.9343,10
17647,CA,Groveland,95321,37.8387,-120.232,9
17656,CA,Hawthorne,90250,33.9211,-118.3301,14
17670,CA,Indio,92203,33.7413,-116.215,18
17688,CA,Inyokern,93527,35.6465,-117.8126,4
17692,CA,Kettleman City,93239,35.9873,-119.9618,2
17694,CA,Lake Elsinore,92530,33.6986,-117.3487,6
17700,CA,Lebec,93243,34.9874,-118.9463,8
17708,CA,Lone Pine,93545,36.6006,-118.0619,1
17709,CA,Mammoth Lakes,93546,37.6445,-118.9655,5
17714,CA,Manteca,95337,37.7826,-121.2287,7
17721,CA,Monterey,93940,36.5857,-121.8987,29
17750,CA,Mount Shasta,96067,41.3103,-122.3159,4
17754,CA,Mt. Shasta,96067,41.3102,-122.3173,2
17756,CA,Needles,92363,34.8508,-114.6243,2
17758,CA,Twentynine Palms,92277,34.1205,-116.051,2
17760,CA,Yermo,92398,34.9073,-116.8355,5
17765,CO,Limon,80828,39.269,-103.7086,1
17766,CO,Lone Tree,80124,39.5627,-104.8735,10
17776,CO,Silverthorne,80498,39.6315,-106.0708,3
17779,CO,Trinidad,81082,37.1342,-104.5194,4
17783,ID,Twin Falls,83301,42.5979,-114.4552,3
17786,MT,Big Timber,59011,45.8363,-109.9434,1
17787,MT,Butte,59701,45.9812,-112.5072,2
17789,MT,Superior,59872,47.1921,-114.8889,1
17790,MT,Lima,59739,44.6325,-112.5917,1
17791,MT,West Yellowstone,59758,44.6561,-111.099,3
17794,NM,Farmington,87402,36.7663,-108.1443,6
17800,NM,Gallup,87301,35.5053,-108.8281,2
17802,NM,Las Vegas,87701,35.622,-105.2054,1
17803,NM,Santa Rosa,88435,34.947,-104.648,2
17805,NM,Truth or Consequences,87901,33.1552,-107.2516,1
17806,NM,Tucumcari,88401,35.154,-103.7226,3
17809,NV,Elko,89801,40.8363,-115.7909,4
17813,NV,Lovelock,89419,40.1795,-118.4721,1
17814,NV,Primm,89019,35.6107,-115.388,1
17815,NV,Tonopah,89049,38.0698,-117.2322,3
17818,NV,West Wendover,89883,40.7384,-114.059,3
17821,NV,Winnemucca,89445,40.9589,-117.7465,4
17825,OR,Baker City,97814,44.7829,-117.8123,1
17826,OR,Klamath Falls,97603,42.2169,-121.7564,8
17834,OR,Pendleton,97801,45.6466,-118.682,3
17837,UT,Beaver,84713,38.2491,-112.6525,2
17839,UT,Blanding,84511,37.6256,-109.4738,1
17840,UT,Moab,84532,38.5731,-109.5524,11
17851,UT,Nephi,84648,39.6781,-111.841,1
17852,UT,Price,84501,39.6008,-110.8317,5
17857,UT,Richfield,84701,38.788,-112.0852,6
17863,UT,Tremonton,84337,41.71,-112.1986,4
17867,WA,Aberdeen,98520,46.9767,-123.8135,2
17869,WA,Lynnwood,98087,47.8467,-122.2714,24
17893,WA,Ritzville,99169,47.1163,-118.3683,3
17896,WY,Evanston,82930,41.2632,-110.9853,1
17897,WY,Gillette,82716,44.293,-105.5263,1
17898,WY,Laramie,82070,41.3251,-105.6181,1
17899,WY,Lusk,82225,42.7563,-104.4527,1
17900,WY,Rawlins,82301,41.7909,-107.2103,1
17901,WY,Rock Springs,82901,41.5808,-109.2621,3
17904,WY,Sheridan,82801,44.8046,-106.9563,3
17907,WY,Wheatland,82201,42.0725,-104.9627,2
17909,NM,Tres Piedras,87577,36.660923,-105.994795,1
17910,WA,Fort Lewis,98433,47.10579,-122.539,1
17911,UT,West Jordan,84088,40.607416,-111.987165,7
17918,CO,Erie,80516,40.050362,-105.016947,12
17930,AZ,Grand Canyon Village,86023,36.05449,-112.120389,8
17938,AZ,Grand Canyon,86023,36.054079,-112.142343,3
17941,WA,pasco,99301,46.242178,-119.124215,1
17942,NV,Boulder City,89005,35.788775,-114.992726,2
17944,WA,Everson,98247,48.893943,-122.280461,1
17945,UT,Holladay,84117,40.668016,-111.840429,1
17946,OR,Burns,97720,43.589715,-119.055007,2
17948,WA,Copalis Crossing,98356,47.195359,-124.196082,1
17949,WA,Moclips,98562,47.24044,-124.216904,2
17951,MT,Saltese,59867,47.38642,-115.399157,1
17952,OR,Amity,97101,45.115791,-123.206977,2
17954,OR,La Grande,97850,45.326761,-118.091312,1
17955,OR,Talent,97540,42.245028,-122.790141,1
17956,CA,Valley Center,92082,33.2674604,-116.9556753,5
17961,CO,Gunnison,81230,38.525522,-106.967789,4
17965,CA,Hermosa Beach,90254,33.872054,-118.394586,7
17972,CA,Los Gatos,95032,37.229971,-121.979377,20
17992,CA,Daly City,94015,37.674,-122.472,11
18003,CA,Pacific Palisades,90272,34.04590171153875,-118.5648429100341,6
18009,OR,Mitchell,97750,44.566585,-120.155408,2
18011,MT,Bigfork,59911,48.00563889,-114.05583333,1
18012,CO,Almont,81210,38.664867,-106.847254,1
18013,CO,Mancos,81328,37.345501,-108.288263,1
18014,OR,Troutdale,97060,45.520048,-122.406379,5
18019,WA,Rochester,98579,46.798453,-123.0123,1
18020,CO,Telluride,81435,37.947213,-107.873351,3
18023,OR,Oakridge,97463,43.746765,-122.490567,1
18024,WA,Colville,99114,48.543915,-117.904797,2
18026,CO,Castle Rock,80109,39.379646,-104.874726,6
18032,CO,Pueblo West,81007,38.324776,-104.741432,5
18037,CA,Castroville,95012,36.81702,-121.73011,3
18040,OR,Junction City,97448,44.214122,-123.205072,2
18042,AZ,Bisbee,85603,31.441501,-109.918035,1
18043,AZ,Carefree,85377,33.806537,-111.925797,2
18045,AZ,Cottonwood,86326,34.722786,-112.00627,1
18046,AZ,Globe,85501,33.387249,-110.760309,1
18047,AZ,Litchfield Park,85340,33.495483,-112.356018,5
18052,AZ,Parker,85344,34.263518,-114.129245,3
18055,AZ,Payson,85541,34.251069,-111.321752,2
18057,AZ,Pinetop,85935,34.13494,-109.948953,1
18058,AZ,Sedona,86336,34.869404,-111.758273,21
18079,AZ,Snowflake,85937,34.511671,-110.07857,1
18080,AZ,Tombstone,85638,31.723096,-110.073859,1
18081,AZ,Tuba City,86045,36.1189,-111.227844,1
18082,AZ,Winslow,86047,35.021396,-110.695076,2
18084,CA,Acampo,95220,38.207473,-121.297337,3
18087,CA,Acton,93510,34.501106,-118.118778,1
18088,CA,Ahwahnee,93601,37.364482,-119.702683,1
18089,CA,Alpine,91901,32.839399,-116.777226,2
18091,CA,Alturas,96101,41.48252,-120.542265,2
18093,CA,Angwin,94508,38.561453,-122.446448,1
18094,CA,Aptos,95003,36.950559,-121.87709,8
18102,CA,Arroyo Grande,93420,35.157345,-120.535862,6
18108,CA,Avila Beach,93424,35.18009,-120.735495,2
18110,CA,Beverly Hills,90212,34.066123,-118.409116,61
18171,CA,Big Sur,93920,36.231298,-121.770453,5
18176,CA,Bridgeport,93517,38.187779,-119.206381,2
18178,CA,Calistoga,94515,38.578056,-122.577655,21
18199,CA,Cambria,93428,35.559694,-121.080446,6
18205,CA,Carmel,93923,36.519746,-121.806639,6
18211,CA,Carmel by the Sea,93921,36.559153,-121.922482,1
18212,CA,Carmel Valley,93924,36.478332,-121.730362,1
18213,CA,Carmel-By-The-Sea,93921,36.554085,-121.920932,1
18214,CA,Carpinteria,93013,34.392221,-119.509709,5
18219,CA,Cayucos,93430,35.449166,-120.905677,2
18221,CA,Chino Hills,91709,33.978596,-117.700634,7
18228,CA,Clearlake Oaks,95423,39.029607,-122.582891,1
18229,CA,Coarsegold,93614,37.2618,-119.7005,1
18230,CA,Corona del Mar,92625,33.593691,-117.867538,1
18231,CA,Creston,93432,35.510851,-120.488018,1
18232,CA,Dana Point,92629,33.483048,-117.715296,3
18235,CA,Deer Park,94576,38.560079,-122.477148,1
18236,CA,Del Mar,92014,32.960065,-117.265995,8
18244,CA,Desert Hot Springs,92240,33.955693,-116.482451,2
18246,CA,Downieville,95936,39.559661,-120.828154,1
18247,CA,Dunsmuir,96025,41.198543,-122.276779,3
18250,CA,Forestville,95436,38.489318,-122.883695,1
18251,CA,Fortuna,95540,40.578828,-124.153129,7
18258,CA,Fulton,95439,38.503061,-122.770196,3
18261,CA,Geyserville,95441,38.718347,-122.894179,8
18269,CA,Glen Ellen,95442,38.366705,-122.528768,4
18273,CA,Graeagle,96103,39.723116,-120.662982,2
18275,CA,Grass Valley,95945,39.220862,-121.062901,7
18282,CA,Guerneville,95446,38.4996,-122.989094,3
18285,CA,Half Moon Bay,94019,37.434877,-122.441135,8
18293,CA,Hawaiian Gardens,90716,33.83256,-118.079004,2
18295,CA,Highland,92346,34.150481,-117.229147,29
18324,CA,Hope Valley,96120,38.770986,-119.902266,2
18326,CA,Hopland,95449,38.967412,-123.114542,2
18328,CA,Idyllwild,92549,33.756093,-116.699764,1
18329,CA,Inverness,94937,38.107136,-122.862521,1
18330,CA,Jamestown,95327,37.92922,-120.451832,2
18332,CA,Julian,92036,33.080217,-116.60202,1
18333,CA,Kenwood,95452,38.428301,-122.554771,1
18334,CA,Kirkwood,95646,38.68471,-120.065176,1
18335,CA,La Mesa,91943,32.779659,-116.991648,8
18343,CA,Laguna Beach,92651,33.53032,-117.77372,12
18355,CA,Laguna Woods,92637,33.610487,-117.729669,8
18363,CA,Lake Arrowhead,92352,34.250959,-117.192334,1
18364,CA,Lake City,96115,41.741817,-120.194346,1
18365,CA,Lewiston,96052,40.708435,-122.806317,1
18366,CA,Lockeford,95237,38.165588,-121.151878,1
18367,CA,Lompoc,93436,34.634794,-120.296983,5
18372,CA,Los Alamos,93440,34.743568,-120.276817,3
18375,CA,Marina del Rey,90292,33.98174,-118.459902,14
18389,CA,Mariposa,95338,37.486577,-119.961303,1
18390,CA,Middletown,95461,38.732702,-122.62457,2
18392,CA,Millbrae,94030,37.609606,-122.401441,14
18406,CA,Mission Viejo,92692,33.654407,-117.626635,9
18415,CA,Montecito,93108,34.44698,-119.623604,4
18419,CA,Moreno Valley,92553,33.935642,-117.274447,32
18451,CA,Moss Beach,94038,37.521966,-122.513616,1
18452,CA,Murphys,95247,38.142611,-120.494844,3
18455,CA,Napa Valley,94558,38.344507,-122.326492,1
18456,CA,Newark,94560,37.521425,-121.999528,16
18472,CA,Newport Beach,92660,33.617446,-117.889091,81
18553,CA,Oakville,94562,38.430238,-122.389725,5
18558,CA,Occidental,95465,38.407219,-122.94643,1
18559,CA,Ojai,93023,34.437995,-119.255545,6
18565,CA,Oroville,95966,39.466293,-121.516144,4
18569,CA,Pacific Grove,93950,36.620006,-121.933299,7
18576,CA,Pebble Beach,93953,36.568537,-121.950742,2
18578,CA,Rancho Mirage,92270,33.743247,-116.40711,10
18588,CA,Rancho Murieta,95683,38.491637,-121.099523,1
18589,CA,Rancho Santa Fe,92067,32.996541,-117.193444,2
18591,CA,Red Bluff,96080,40.181629,-122.220238,4
18595,CA,Rohnert Park,94928,38.363845,-122.716398,23
18618,CA,Rowland Heights,91748,33.994878,-117.892312,2
18620,CA,Rutherford,94558,38.468311,-122.404909,5
18625,CA,San Ardo,93450,35.97365079786711,-120.9000813082123,1
18626,CA,San Bruno,94066,37.621822,-122.412259,28
18654,CA,San Marcos,92078,33.124599,-117.207571,19
18673,CA,San Martin,95046,37.068092,-121.63246,4
18677,CA,Sausalito,94965,37.837674,-122.479424,4
18681,CA,Sea Ranch,95497,38.68013543552006,-123.4286541825256,1
18682,CA,Seal Beach,90740,33.776791,-118.071752,8
18690,CA,Shingletown,96088,40.511265,-121.812099,1
18691,CA,Sonoma,95476,38.31433,-122.483323,9
18700,CA,St Helena,94574,38.520076,-122.475091,12
18712,CA,Saint Helena,94574,38.467265,-122.353007,7
18719,CA,Susanville,96130,40.406425,-120.631174,2
18721,CA,Tahoe Vista,96148,39.241795,-120.056519,2
18723,CA,Templeton,93465,35.577156,-120.722023,6
18729,CA,Tiburon,94920,37.87524,-122.457576,3
18732,CA,Trinidad,95570,41.058645,-124.142723,2
18734,CA,Tuolumne,95379,37.973467,-120.238494,1
18735,CA,Twain Harte,95383,38.043268,-120.211021,1
18736,CA,Upper Lake,95485,39.165064,-122.910465,1
18737,CA,Willits,95490,39.399684,-123.34894,5
18742,CA,Windsor,95492,38.486825,-122.809057,10
18752,CA,Woodside,94062,37.438177,-122.322931,1
18753,CA,Yorba Linda,92887,33.872461,-117.741086,16
18769,CA,Yountville,94599,38.400273,-122.359225,7
18776,CO,Alma,80420,39.270164,-106.046842,1
18777,CO,Beaver Creek,81620,39.604956,-106.515175,2
18779,CO,Black Hawk,80422,39.799761,-105.508875,2
18781,CO,Crested Butte,81225,38.901088,-106.967653,7
18788,CO,Cripple Creek,80813,38.75132,-105.173238,4
18792,CO,Dolores,81323,37.77261371362761,-108.0936762209015,2
18794,CO,Evergreen,80439,39.635288,-105.31382,2
18796,CO,Gateway,81522,38.674915,-108.977768,1
18797,CO,Hesperus,81326,37.213179,-108.074355,1
18798,CO,Manitou Springs,80829,38.857239,-104.911381,2
18800,CO,Mesa,81643,39.06937929836109,-108.1507185178604,1
18801,CO,Mesa Verde National Park,81330,37.25880697284591,-108.4927699067459,1
18802,CO,Monarch,81227,38.512438,-106.331989,1
18803,CO,Mountain Village,81435,37.933212,-107.851551,4
18807,CO,Nathrop,81236,38.7319,-106.16005,1
18808,CO,Ouray,81427,38.026629,-107.670967,1
18809,CO,Silverton,81433,37.807181,-107.668496,1
18810,CO,Sterling,80751,40.474281,-104.891558,1
18811,CO,Stratton,80836,39.2972,-102.606857,1
18812,CO,Tabernash,80478,39.968647,-105.784503,2
18814,ID,Ashton,83420,44.071705,-111.448094,1
18815,ID,Bonners Ferry,83805,48.645277,-116.308827,2
18817,ID,Burley,83318,42.56448274816324,-113.7942161243591,2
18819,ID,Dover,83825,48.247812,-116.604339,1
18820,ID,Driggs,83422,43.747162,-111.111474,1
18821,ID,Grangeville,83530,45.925484,-116.128512,1
18822,ID,Post Falls,83854,47.704316,-116.943967,1
18823,ID,Salmon,83467,45.178723,-113.898332,1
18824,ID,Sandpoint,83864,48.274902,-116.544189,2
18826,ID,Sun Valley,83353,43.695009,-114.354334,2
18828,MT,Great Falls,59404,47.512057,-111.315947,5
18833,MT,Greenough,59823,46.916933,-113.434975,1
18834,MT,Lake McDonald,59921,48.617286,-113.878909,1
18835,MT,Philipsburg,59858,46.265012,-113.508283,1
18836,MT,Red Lodge,59068,45.190425,-109.247648,2
18838,MT,Whitefish,59937,48.431252,-114.341872,3
18841,NM,El Prado,87529,36.465277,-105.660795,1
18842,NM,Rodeo,88056,31.870339,-109.034849,1
18843,NM,Ruidoso,88345,33.331214,-105.676957,2
18845,NM,Socorro,87801,34.071478,-106.893159,1
18846,NV,McCarran,89434,39.551646,-119.490177,2
18848,NV,Mesquite,89027,36.817896,-114.064068,3
18851,NV,Minden,89423,38.953562,-119.763686,3
18854,NV,Virginia City,89440,39.292416,-119.65753,2
18856,NV,Zephyr Cove,89448,38.983915,-119.943181,1
18857,OR,Crater Lake,97604,42.867509,-122.167297,1
18858,OR,Dayton,97114,45.24117,-123.069729,5
18863,OR,Depoe Bay,97341,44.786899,-124.070605,1
18864,OR,Estacada,97023,45.286178,-122.334465,2
18866,OR,Fort Klamath,97626,42.684216,-121.973428,2
18868,OR,Gleneden Beach,97388,44.892644,-124.019417,1
18869,OR,John Day,97845,44.416613,-118.954696,2
18871,OR,Joseph,97846,45.348876,-117.229797,1
18872,OR,Oceanside,97134,45.459395,-123.969124,1
18873,OR,Prairie City,97869,44.463124,-118.70919,1
18874,OR,Silverton,97381,44.990695,-122.788286,1
18875,OR,Sutherlin,97479,43.387853,-123.334704,2
18877,OR,Waldport,97394,44.425109,-124.068388,2
18879,OR,Yamhill,97148,45.343067,-123.126059,1
18880,UT,Brian Head,84719,37.699676,-112.859124,1
18881,UT,Canyon Point,84741,37.034252,-111.612273,1
18882,UT,Escalante,84726,37.771301,-111.609186,2
18884,UT,Ivins,84738,37.184688,-113.706734,1
18885,UT,Kanab,84741,37.050397,-112.53438,12
18897,UT,La Verkin,84745,37.211065,-113.268781,2
18899,UT,Ogden,84414,41.30532,-111.965417,33
18932,UT,Provo,84601,40.235112,-111.660711,17
18949,UT,Snowbird,84092,40.582857,-111.651537,1
18950,UT,St George,84770,37.088925,-113.584407,3
18953,UT,Saint George,84770,37.156948,-113.63848,2
18955,UT,Torrey,84775,38.299236,-111.400314,1
18956,UT,Tropic,84776,37.62506,-112.081594,1
18957,WA,Benton City,99320,46.293791,-119.451533,1
18958,WA,Carson,98610,45.729351,-121.821302,1
18959,WA,Cathlamet,98612,46.20249,-123.3842,2
18961,WA,Forks,98331,47.915109,-124.544883,4
18965,WA,Freeland,98249,48.010776,-122.533294,2
18967,WA,Langley,98260,48.039217,-122.406285,3
18970,WA,Moses Lake,98837,47.103231,-119.251047,5
18975,WA,Mossyrock,98564,46.544781,-122.510619,1
18976,WA,Neah Bay,98357,48.34003708134721,-124.6635397632294,2
18978,WA,Seaview,98644,46.334798,-124.055076,1
18979,WA,Snoqualmie,98065,47.516794,-121.840364,2
18981,WA,Stevenson,98648,45.685326,-121.905864,1
18982,WA,Union,98592,47.347192,-123.067683,1
18983,WA,Westport,98595,46.860034,-124.107732,1
18984,WY,Casper,82601,42.863233,-106.333769,1
18985,WY,Douglas,82633,42.760641,-105.40843,1
18986,WY,Pinedale,82941,42.866406,-109.865761,1
18987,WY,Teton village,83025,43.589856,-110.826023,1
18988,WY,Wilson,83014,43.504712,-110.846953,1
18989,WA,Vista Dr,99019,47.667043,-117.110447,1
18990,CA,Blythe,92225,33.606344,-114.569497,9
18999,CA,Westminster,92683,33.7449,-118.013,17
19016,CO,Monte Vista,81144,37.597348,-106.207027,1
19017,CA,Soda Springs,95728,39.336991,-120.350417,6
19023,NV,Yerington,89447,38.994392,-119.172029,3
19026,OR,Ione,97843,45.501524,-119.826811,1
19027,CA,Death Valley,92328,36.4501355,-116.8518075,2
19029,OR,Fossil,97830,45.000604,-120.213913,1
19030,WA,University Place,98466,47.226352,-122.536126,4
19034,CO,Rico,81332,37.692933,-108.030339,1
19035,WA,Lakewood,98499,47.174795,-122.499877,12
19047,CA,Guadalupe,93434,34.969815,-120.573014,1
19048,CA,Pico Rivera,90660,33.979264,-118.105339,3
19051,UT,Alta,84092,40.590728,-111.627767,1
19052,OR,milwaukie,97222,45.444555,-122.642393,1
19053,CA,Corte Madera,94925,37.9282,-122.5148,6
19059,CA,Claremont,91711,34.099758,-117.706351,13
19072,WY,Hudson,82515,42.905137,-108.584025,1
19073,WY,Lake,82190,44.554466,-110.403097,1
19074,CA,Byron,94514,37.877278,-121.631861,1
19075,WA,BELLEVUE,98004,47.6123,-122.1966,1
19076,CA,E. Palo Alto,94303,37.459239,-122.142595,1
19077,OR,Hermiston,97838,45.787114,-119.322112,2
19079,OR,Island City,97850,45.336579,-118.05945,1
19080,MT,Dell,59724,44.725375,-112.700808,1
19081,OR,Huntington,97907,44.351131,-117.268594,1
19082,ID,Mountain Home,83647,43.135465,-115.668522,1
19083,ID,Chubbuck,83202,42.90954,-112.4651,1
19084,UT,Spanish Fork,84660,40.124135,-111.640271,3
19087,CA,Dunnigan,95937,38.882323,-121.972465,3
19090,CO,Fountain,80906,38.769091,-104.78309,1
19091,NM,Deming,88030,32.269547,-107.746734,2
19093,CA,Santa Fe Springs,90670,33.895012,-118.050589,5
19098,WA,Port Hadlock,98339,48.0553,-122.6957,1
19099,WA,Keyport,98345,21.3563,-157.9382,3
19102,AZ,Petrified Forest,86028,35.066617,-109.781914,1
19103,AZ,Gila Bend,85337,32.9437,-112.7341,2
19105,CO,Poncha Springs,81242,38.5114,-106.0762,1
19106,UT,Green River,84525,38.9936,-110.1405,2
19108,UT,South Salt Lake City,84115,40.7204,-111.8887,1
19109,CO,Brush,80723,40.2709,-103.622,1
19110,NV,Gardnerville,89410,38.6964,-119.5485,5
19115,AZ,Wickenburg,85390,33.9703,-112.7315,1
19116,AZ,Marble Canyon,86036,36.743791,-111.753641,1
19117,CA,Carmel-by-the-Sea,93921,36.55913402520707,-121.9209042711639,7
19124,CA,Colusa,95932,39.254406,-122.031415,1
19125,CA,Montebello,90640,34.031146,-118.129606,14
19139,CA,Sebastopol,95472,38.429441,-122.855695,10
19149,CA,Three Rivers,93271,36.4795915,-118.9086235,1
19150,MT,Lakeside,59922,48.011829,-114.362947,1
19151,NM,Ranchos de Taos,87557,36.354672,-105.614219,1
19152,OR,Mt Hood,97041,45.520021,-121.593274,1
19153,OR,Tolovana Park,97110,45.871824,-123.961237,1
19154,UT,Boulder,84716,37.902193,-111.424489,1
19155,UT,Heber City,84032,40.509474,-111.384158,1
19156,WA,Dayton,99328,46.31017,-117.99763,3
19159,NV,North Las Vegas,89081,36.246416,-115.119225,7
19166,OR,Aloha,97007,45.479807,-122.858369,1
19167,CO,Firestone,80504,40.170084,-104.985747,1
19168,CA,La Mirada,90638,33.89572,-118.008252,5
19173,OR,Cornelius,97113,45.521677,-123.054738,4
19177,AZ,Goodyear,85395,33.464787,-112.359579,7
19184,CO,Frisco,80443,39.57501,-106.09899,11
19195,UT,West Valley City,84128,40.715274,-112.053092,20
19215,WA,Quinault,98575,47.465555,-123.850735,1
19216,AZ,Williams,86046,35.252103,-112.191503,5
19221,NM,Grants,87020,35.125266,-107.824767,1
19222,WA,Ferndale,98248,48.8529235,-122.5895254,2
19224,CA,South El Monte,91733,34.0364948,-118.0450385,3
19227,CA,Quincy,95971,39.9378582999999,-120.9055552,1
19228,CA,Wasco,93280,35.583857,-119.343735,3
19231,CA,Lathrop,94801,37.8116377,-121.2724548,4
19235,CA,Newport Coast,92657,33.5829813,-117.841618,2
19237,CA,Rescue,95672,38.7044512,-120.9644077,1
19238,CA,McArthur,96056,41.0467959,-121.4018466,2
19240,CA,Gonzales,93926,36.5115284,-121.4431,1
19241,CA,Palermo,95968,39.4355743,-121.5463449,1
19242,CA,Stanton,90680,33.8025617,-117.9899935,4
19246,CA,Maywood,90270,33.983173,-118.18904,1
19247,NV,Wells,89835,41.1137252,-114.9723635,2
19249,CA,West Hills,91307,34.20513,-118.615262,2
19251,CO,Delta,81416,38.74204,-108.071852,1
19252,UT,Scipio,84656,39.255538,-112.116699,1
19253,AZ,Benson,85602,31.969795,-110.31471,1
19254,CO,Meeker,81641,40.036935,-107.912429,1
19255,WA,Marysville,98271,48.13992,-122.18453,5
19260,ID,Smelterville,83868,47.544139,-116.1854,1
19261,CA,Murrieta,92562,33.550431,-117.193826,34
19295,CA,Menifee,92584,33.684529,-117.155248,8
19303,CA,Wildomar,92595,33.594421,-117.240947,2
19305,NM,Wagon Mound,87752,36.010355,-104.707358,1
19306,AZ,ANTHEM,85086,33.869814,-112.154064,1
19307,NM,Taos,87571,36.389992,-105.581738,2
19309,WA,Tulalip,98271,48.095461,-122.186896,1
19310,WA,Kelso,98626,46.139875,-122.901263,2
19312,CA,Arvin,93203,34.985084,-118.941285,3
19315,CO,Craig,81625,40.510812,-107.522293,5
19320,CO,Pitkin,81241,38.611297,-106.512372,2
19322,CO,Woodland Park,80863,38.99612,-105.054767,3
19325,OR,Rainier,97048,46.089703,-122.937633,1
19326,OR,Clatskanie,97016,46.10135,-123.201804,2
19328,CO,Mosca,81146,37.706026,-105.870654,1
19329,CA,Monte Sereno,95030,37.232617,-121.986211,1
19330,NM,Taos Ski Valley,87525,36.596777,-105.451014,1
19331,NV,Fernley,89408,39.609795,-119.21622,1
19332,CA,Watsonville,95076,36.912582,-121.784684,20
19352,WY,Moran,83013,43.8415578958012,-110.507792170104,1
19353,MT,Livingston,59047,45.659342,-110.558047,1
19354,CO,Timnath,80528,40.52054,-104.977165,3
19357,CO,Walsenburg,81089,37.633724,-104.78546,1
19358,UT,Kamas,84036,40.645176,-111.28028,1
19359,CO,El Jebel,81623,39.392309,-107.09104,3
19362,WA,Orcas,98280,48.599217,-122.945746,1
19363,CA,Moorpark,93021,34.285278,-118.877492,9
19372,CO,Alamosa,81101,37.467426,-105.86862,2
19374,OR,Deer Island,97054,45.924736,-122.836766,3
19377,OR,Myrtle Creek,97457,43.025929,-123.290579,2
19379,CA,Shingle Springs,95682,38.666747,-120.937469,1
19380,CA,Cameron Park,95682,38.66023,-121.005769,1
19381,CA,Lotus,95651,38.803763,-120.907674,1
19382,CA,Panorama City,91402,34.221766,-118.430629,4
19386,CA,McClellan Park,95652,38.661003,-121.390656,7
19393,MT,Belgrade,59714,45.763722,-111.175523,1
19394,UT,Perry,84302,41.484969,-112.029231,1
19395,MT,East Glacier Park,59434,48.44762982542308,-113.2255207301636,1
19396,CA,Yreka,96097,41.699378,-122.645123,6
19402,OR,Canby,97013,45.258897,-122.699332,2
19404,NM,Los Alamos,87544,35.882753,-106.310389,3
19407,UT,Riverton,84065,40.481437,-111.979084,23
19430,OR,Philomath,97370,44.540136,-123.373574,1
19431,UT,Roy,84067,41.190091,-112.029171,3
19434,UT,Huntsville,84317,41.261871,-111.770327,1
19435,MT,Cooke City,59020,45.020792,-109.931145,1
19436,OR,Lebanon,97355,44.551654,-122.909382,2
19438,WA,Lake Stevens,98258,47.998233,-122.100638,2
19440,ID,Garden City,83714,43.622904,-116.243226,1
19441,CA,Pittsburg,94565,38.014467,-121.869583,18
19459,CA,Altos Hills,94022,37.38814845128645,-122.1421248572998,1
19460,UT,Stansbury Park,84074,40.647074,-112.289165,1
19461,NM,Lordsburg,88045,32.349365,-108.741789,1
19462,MT,Custer,59024,46.1294779,-107.5532214,1
19463,WA,Anacortes,98221,48.508154,-122.611842,7
19470,WA,Steilacoom,98388,47.1727264,-122.5984377,1
19471,WA,DuPont,98327,47.093942,-122.6260623,3
19474,WA,Grayland,98590,46.7250165,-124.0206708,1
19475,OR,Keizer,97303,45.0074688,-122.998486,4
19479,OR,Dallas,97338,44.9901034,-123.2747417,1
19480,OR,Turner,97392,44.827453,-123.0110757,1
19481,CO,Federal Heights,80260,39.849458,-105.006791,1
19482,UT,Clinton,84041,41.1398688,-112.0632572,4
19486,CO,Foxfield,80016,39.59433,-104.797479,1
19487,UT,Taylorsville,84123,40.6686599,-111.9388606,34
19521,UT,Midvale,84047,40.6205,-111.8905486,3
19524,UT,Springville,84663,40.1607816,-111.6106739,2
19526,CO,Lake City,81235,38.029015518847,-107.31759594663,2
19528,CA,Loleta,95551,40.627386,-124.207966,4
19532,CA,South Sacramento,95823,38.4699104,-121.4216412,1
19533,CA,Suisun City,94585,38.241645287991,-122.04012927857,1
19534,CA,SF,94107,37.7786204,-122.3951795,5
19539,CA,Union City,94587,37.6068873,-122.0833985,5
19544,CA,Bodega Bay,94923,36.7606931,-121.7657346,1
19545,CA,Soledad,93960,36.4283071,-121.3272433,2
19547,CA,La Habra,90631,33.918151,-117.938302,8
19555,CA,Anza,92539,33.557681,-116.639948,4
19559,CA,Cypress,90630,33.8012161,-118.0347459,3
19562,CA,Lake Forest,92630,33.6634861,-117.6860609,22
19584,CA,Harbor City,90710,33.7867693,-118.296708,1
19585,CO,Commerce CIty,80022,39.9009,-104.82522,1
19586,CA,Laytonville,95454,39.6893,-123.4833,4
19590,CA,Studio CIty,90068,34.131788,-118.352482,1
19591,NV,Moapa,89025,36.665966,-114.569437,1
19592,UT,Kaysville,84037,41.0293,-111.924378,10
19602,CA,Foothill Ranch,92610,33.681115,-117.670676,2
19604,WA,Camas,98607,45.6040109,-122.4757978,2
19606,ID,Caldwell,83605,43.667698,-116.688546,2
19608,CO,New Castle,81647,39.571358,-107.536476,2
19610,WA,Camano,98282,48.240482,-122.45554,1
19611,WA,Wapato,98951,46.489666,-120.407303,1
19612,CA,Essex,92332,34.91932,-115.066314,1
19613,CA,Lakeside,92040,32.939631,-116.873581,9
19622,OR,Gaston,97119,45.415886,-123.183277,1
19623,CA,Midpines,95345,37.543592,-119.921224,1
19624,OR,Pacific City,97135,45.216234,-123.970799,1
19625,AZ,Superior,85173,33.293636,-111.098541,1
19626,CA,Williams,95987,39.1556,-122.1493,3
19629,CA,Porter Ranch,91326,34.275995,-118.573813,1
19630,CA,Chino,91710,34.026591,-117.690586,8
19638,AZ,New River,85087,33.9158,-112.1442,1
19639,CA,Hesperia,92345,34.425461,-117.371679,6
19645,CA,Bishop,93514,37.373677,-118.393432,3
19648,CA,Delhi,95315,37.42645,-120.785863,2
19650,CA,Fillmore,93015,34.394644,-118.925015,1
19651,CO,Edgewater,80214,39.745826,-105.054796,3
19654,CA,Willows,95988,39.525492,-122.218593,2
19656,CA,Cantil,93519,35.26583,-117.99917,1
19657,WA,Vashon,98070,47.448013,-122.45897,1
19658,NV,Alamo,89001,37.363998,-115.15999,1
19659,NV,Amargosa Valley,89020,36.643832,-116.400275,1
19660,CA,Grand Terrace,92313,34.034955,-117.306913,3
19663,NV,Orovada,89425,41.567201,-117.786145,1
19664,CA,Pacoima,91331,34.25927409,-118.4032188,4
19668,CA,Reseda,91335,34.190213,-118.534513,5
19673,CA,Lake Balboa,91406,34.19392,-118.492425,2
19675,CO,Cortez,81321,37.350136,-108.57313,1
19676,NM,Los Lunas,87031,34.828503,-106.77954,8
19684,CA,Castro Valley,94546,37.694788,-122.081561,6
19690,CO,Sargents,81248,38.406272,-106.416647,1
19691,AZ,Ehrenberg,85334,33.602,-114.522,1
19692,AZ,Tusayan,86023,35.9695,-112.1277,1
19693,WA,Prosser,99350,46.219978,-119.785172,2
19695,CA,SAN RAFAEL,94901,37.97803,-122.520021,5
19700,CA,Lakehead-Lakeshore,96051,40.886352,-122.385081,2
19702,CA,Rio Dell,95562,40.494141,-124.10279,1
19703,CO,Idaho Springs,80452,39.741617,-105.5183,2
19705,CA,Scott's Valley,95066,37.047275,-122.0279,1
19706,UT,American Fork,84003,40.398124,-111.776139,3
19709,UT,Clearfield,84015,41.091504,-111.999018,6
19715,CA,La Caada Flintridge,91011,34.205203,-118.204117,6
19721,CA,Mountain House,95391,37.779004,-121.5497568,1
19722,AZ,Florence,85132,33.041602,-111.377231,2
19724,UT,Brigham City,84302,41.490659,-112.018239,5
19729,CA,San Gabriel,91776,34.080011,-118.102679,3
19732,CA,Beaumont,92223,33.921953,-116.955881,7
19739,OR,Rickreall,97371,44.9262978833,-123.22965135,1
19740,CA,San Pablo,94806,37.954968,-122.338986,19
19759,CO,Silt,81652,39.54665,-107.65556,1
19760,WA,Waitsburg,99361,46.2707488,-118.1532507,1
19761,CA,Fairfax,94930,37.986518,-122.583479,3
19764,CA,Playa Del Rey,90293,33.95851088,-118.4492459,2
19766,CA,Arleta,91331,34.23204827,-118.4378489,2
19768,AZ,Tacna,95352,32.690622,-113.9536,1
19769,CA,Apple Valley,92307,34.598655,-117.190543,2
19771,UT,Herriman,84096,40.480662,-111.976558,47
19818,CA,Newport,92612,33.6542907,-117.8849022,1
19819,CA,Arbuckle,95912,39.0087766,-122.0553838,1
19820,CA,Bellflower,90706,33.885645,-118.126184,11
19831,CA,Valley Village,91607,34.15896407,-118.3963624,2
19833,UT,Grantsville,84029,40.755366,-113.017776,4
19837,CA,North San Jose,95131,37.37992,-121.921911,6
19843,UT,Layton,84041,41.051423,-111.968443,7
19850,UT,Providence,84332,41.704996,-111.834143,1
19851,UT,Delta,84624,39.34978,-112.560668,1
19852,UT,Saratoga Springs,84045,40.388188,-111.924635,4
19856,NV,Ely,89301,39.243941,-114.868385,1
19857,WA,Airway Heights,99001,47.642243,-117.561147,1
19858,WA,Medical Lake,99022,47.571657,-117.681671,1
19859,CA,Traver,93673,36.457241,-119.481832,2
19861,OR,Mosier,97040,45.688462,-121.378041,1
19862,CA,Los Feliz,90027,34.104049,-118.291098,1
19863,CA,Ripon,95366,37.754669,-121.141119,1
19864,CA,Norco,92860,33.923803,-117.561284,3
19867,OR,Otis,97368,45.032427,-123.926918,5
19872,CO,Lyons,80540,40.223628,-105.268345,2
19874,CA,Jackson,95642,38.34163,-120.764968,2
19876,AZ,Willow Beach,86445,35.7,-114.48,1
19877,CA,cabazon,92230,33.920761,-116.801191,1
19878,CA,Fallbrook,92028,33.387596,-117.241089,3
19881,CA,Klamath,95548,41.529276,-124.038401,3
19884,UT,SANDY,84094,40.579544,-111.855327,1
19885,CO,La Junta,81050,38.039196,-103.51317,4
19889,CA,Rolling Hills Estates,90274,33.76882,-118.365007,8
19897,CA,Brisbane,94005,37.67232,-122.382971,10
19907,CA,Port Hueneme,93041,34.144424,-119.19702,13
19920,CA,Marina,93933,36.652499,-121.790988,10
19930,CA,Pacifica,94044,37.60706,-122.49713,9
19939,CA,Waterford,95386,37.639053,-120.758999,1
19940,CA,Santee,92071,32.844994,-116.996191,11
19951,CA,Benicia,94510,38.051955,-122.152939,5
19956,CA,SANTA MARIA,93454,34.941285,-120.420412,4
19960,CA,Coachella,92236,33.679054,-116.176885,3
19963,CA,Pacheco,94553,37.986345,-122.067499,1
19964,CA,San Miguel,93451,35.831372,-120.758418,2
19966,CA,Anderson,96007,40.454663,-122.295712,3
19969,CA,Travis Air Force Base,94535,38.272111,-121.940304,2
19971,CA,Covina,91723,34.091754,-117.881211,6
19977,CA,Paramount,90723,33.885031,-118.160357,2
19979,CA,Cloverdale,95425,38.784636,-123.013236,5
19984,CA,Hidden Hills,91302,34.171891,-118.659309,1
19985,CA,Bradley,93426,35.850233,-120.770224,1
19986,CA,Del mar,92014,32.962414,-117.268232,1
19987,CA,Scotts Valley,95066,37.047623,-122.030465,8
19995,CA,Belvedere Tiburon,94920,37.894985,-122.499829,7
20002,CA,LANCASTER,93536,34.679635,-118.184647,4
20006,CA,Oak Park,91377,34.183094,-118.764781,15
20021,CA,Isla Vista,93117,34.417734,-119.848007,2
20023,CA,Thermal,92274,33.602046,-116.162667,2
20025,CA,Irvi,92614,33.682258,-117.853078,1
20026,CA,Foster City,94404,37.554185,-122.276701,17
20043,CA,Sonora,95370,37.977458,-120.370373,6
20049,CA,La jolla,92093,32.877905,-117.233979,1
20050,CA,Smith River,95567,41.956682,-124.202217,2
20052,CA,Weed,96094,41.399417,-122.379929,2
20054,CA,Piedmont,94611,37.827243,-122.208897,3
20057,CA,Pt. Reyes,94952,38.069505,-122.808163,1
20058,CA,Lafayette,94549,37.893436,-122.116878,6
20064,CA,Portola Valley,94028,37.381979,-122.228974,3
20067,CA,Belvedere,94920,37.874496,-122.465603,2
20069,CA,Laguna Niguel,92677,33.559601,-117.675287,9
20078,CA,Ramona,92065,33.039008,-116.873688,3
20081,CA,Port of Hueneme,93041,34.147557,-119.199872,1
20082,CA,Santa Ysabel,92070,33.109323,-116.674964,3
20085,CA,NoHo,91602,34.142453,-118.344316,1
20086,CA,Jolon,93928,36.006102,-121.236011,1
20087,CA,California City,93505,35.151433,-117.859351,2
20089,CA,Stanford,94305,37.426334,-122.175577,60
20149,CA,Saratoga,95070,37.270174,-122.015743,5
20154,CA,Rancho Mission Viejo,92694,33.51919,-117.617218,3
20157,CA,Ladera Ranch,92694,33.557936,-117.627424,4
20161,CA,Amer Cyn,94503,38.165289,-122.25159,2
20163,CA,Desert Center,92239,33.738053,-115.392256,1
20164,CA,San Jacinto,92582,33.782366,-116.976979,2
20166,CA,Tehachapi,93561,35.131512,-118.446319,5
20171,CA,Cazadero,95421,38.656604,-123.338969,1
20172,CA,Blue Lake,95525,40.882644,-123.991929,8
20180,CA,Santa Margarita,93453,35.391133,-120.609498,1
20181,CA,Santa Paula,93060,34.308269,-119.113396,1
20182,CA,Nicasio,94946,38.065141,-122.645871,4
20186,CA,Imperial Beach,91932,32.581308,-117.13222,1
20187,CA,El Cerrito,94530,37.915673,-122.310959,3
20190,CO,Palisade,81526,39.110634,-108.350857,1
20191,CO,Morrison,80465,39.664114,-105.202624,3
20194,CO,Nederland,80466,39.961939,-105.510853,4
20198,WA,Mt Vernon,98273,48.399143,-122.333504,1
20199,CO,Glendale,80246,39.703957,-104.93742,2
20201,CA,Cantua Creek,93608,36.502236,-120.327699,1
20202,MT,Miles City,59301,46.39,-105.82,1
20203,WA,College Place,99324,46.0427838,-118.3869759,1
20204,UT,Salina,84654,38.931443,-111.853653,1
20205,CA,Grover Beach,93433,35.120814,-120.621817,3
20208,CA,Markleeville,96120,38.771728,-119.817092,1
20209,CA,Shandon,93461,35.675115,-120.346632,1
20210,CA,"Torrance, CA",90501,33.831436,-118.300104,1
20211,CA,Yucca Valley,92284,34.122792,-116.414598,2
20213,CA,Pollock Pines,95726,38.763567,-120.575807,3
20216,MT,Glendive,59330,47.13,-104.69,1
20217,CA,Lakeport,95453,39.043559,-122.914319,2
20219,WA,Mead,99021,47.786697,-117.354001,1
20220,OR,Jordan Valley,97910,42.976882,-117.063047,1
20221,WY,Evansville,82636,42.85,-106.21,1
20222,NV,Austin,89310,39.491226,-117.069856,2
20224,CA,Kyburz,95735,38.796086,-120.146207,2
20226,CO,Kersey,80644,40.3853,-104.56373,1
20227,CO,Gypsum,81637,39.639029,-106.943272,6
20233,CA,Porteville,93257,36.070233,-119.01581,1
20234,CA,Olancha,93549,36.04731,-117.945662,1
20235,CO,Dinosaur,81610,40.245184,-109.009012,2
20237,CO,Creede,81130,37.846947,-106.92504,1
20238,UT,Castle Dale,84513,39.21257,-111.01697,2
20240,CO,LaFayette,80026,39.793446,-105.1432313,2
20242,CO,Pine,80407,40.067729,-105.208508,2
20244,CO,Broomfiled,80470,39.49713461548693,-105.3816242020996,2
20246,CO,Wheat Ridge,80033,39.7699356,-105.0788955,3
20249,NM,Silver City,88061,32.770159,-108.275419,1
20250,WA,Zillah,98953,46.405066,-120.270721,2
20252,CO,Pagosa Springs,81147,37.266094,-107.01127,6
20258,CA,Douglas City,96024,40.666924,-122.943794,2
20260,OR,Mt. Hood,97041,45.536521,-121.621517,1
20261,ID,Ammon,83401,43.4975257,-111.9786645,1
20262,CA,Carolina,00987,18.375312,-65.973635,1
20263,CA,Hartle Ct,94559,38.283406,-122.280979,2
20265,CA,Hornbrook,96044,41.85129,-122.570908,2
20267,CA,Los Angles,90025,34.04653,-118.44939,1
20268,CA,Sacranemto,95838,38.63475,-121.43475,1
20269,WA,Ephrata,98823,47.31711,-119.553158,1
20270,WA,Waterville,98858,47.649002,-120.070865,1
20271,AZ,Safford,85546,32.833572,-109.700384,2
20273,CA,Chiriaco Summit,92201,33.661123,-115.720575,1
20274,CA,Moraga,94556,37.835515,-122.129764,10
20284,CA,Calimesa,92320,33.966499,-117.036194,3
20287,CO,Yampa,80483,40.15062965650472,-106.9091602982864,2
20289,NV,Luning,89420,38.504499,-118.177524,1
20290,CA,Artesia,90701,33.870239,-118.088254,1
20291,CA,Lamont,93241,35.2579858,-118.9036899,1
20292,CA,Lee Vining,93541,37.962203,-119.121603,1
20293,CA,Sunol,94586,37.5660751,-121.897301,1
20294,OR,Ontario,97914,44.025648,-116.942111,1
20295,CA,Marin City,94965,37.872774,-122.510433,1
20296,UT,Hurricane,84737,37.176305,-113.338399,2
20298,UT,New Harmony,84757,37.45364,-113.225358,1
20299,CO,Conifer,80433,39.544101,-105.289966,1
20300,CA,North Edwards,93523,35.015369,-117.826291,2
20302,OR,St. Helens,97051,45.852062,-122.8295,2
20304,CO,Johnstontown,80534,40.4014981,-104.9828429,1
20305,NM,Roswell,88201,33.395023,-104.554845,1
20306,UT,Monticello,84535,37.86947,-109.343315,2
20308,CA,Running Springs,92382,34.207527,-117.11371,1
20309,OR,Enterprise,97828,45.428658,-117.27618,2
20311,UT,Bluff,84512,37.281428,-109.567866,2
20313,OR,Astoira,97103,46.1890941,-123.8207908,1
20314,UT,North Logan,84341,41.775072,-111.821129,3
20317,CA,Atwater,95301,37.372484,-120.570103,4
20321,NV,McDermitt,89421,41.99524,-117.718442,1
20322,WA,Connell,99326,46.659028,-118.861158,1
20323,CA,Ladera Heights,90045,33.975831,-118.370924,1
20324,UT,Garden City,84028,41.94635,-111.394295,2
20326,OR,North Plains,97133,45.592584,-122.999405,1
20327,WA,Newcastle,98059,47.539468,-122.167143,1
20328,AZ,Prescott Valley,86314,34.580127,-112.348886,2
20330,NM,Raton,87740,36.873942,-104.439493,1
20331,AZ,Camp Verde,86322,34.564402,-111.854988,1
20332,CA,Greenfield,93927,36.312901,-121.239699,2
20334,WA,Sunnyside,98944,46.3227794,-120.015553,1
20335,ID,Coeur dAlene,83814,47.672441,-116.783676,3
20338,UT,Magna,84044,40.712805,-111.907732,1
20339,CA,Greenbrae,94939,37.943125,-122.5394,2
20341,AZ,Catalina,85739,32.508234,-110.884307,1
20342,CA,Del Monte Forest,93953,36.601352,-121.948244,5
20347,CA,Newhall,91321,34.378119,-118.529119,1
20348,WY,Buffalo,82834,44.35547,-106.690073,1
20349,CA,Lucerne Valley,92356,34.401665,-117.035429,1
20350,CA,Somis,93066,34.272463,-119.10752,1
20351,WA,Shelton,98584,47.254363,-123.196815,2
20353,CA,Clio,96106,39.718278,-120.549199,1
20354,WA,Sea Tac,98188,47.4413275,-122.2950909,1
20355,CA,Willow Creek,95573,40.939795,-123.632089,1
20356,CA,McKinleyville,95519,40.942994,-124.103289,3
20359,AZ,Dateland,85333,32.79896,-113.540674,1
20360,CA,La Verne,91750,34.098845,-117.772986,3
20363,CO,Fairplay,80440,39.221542,-105.997163,2
20365,CA,Los Altos Hills,94022,37.360118,-122.130649,9
20374,NV,Schurz,89427,38.930734,-118.807622,1
20375,NV,Indian Springs,89018,36.577084,-115.66962,1
20376,UT,Kearns,84118,40.65003,-111.9966,2
20378,CA,Rancho Santa Margarita,92688,33.642182,-117.59864,1
20379,OR,Warrenton,97146,46.166625,-123.923713,4
20383,CA,Mineral,96063,40.437746,-121.534196,1
20384,UT,Bryce Canyon City,84764,37.67359,-112.157255,1
20385,WA,PUYALLUP,98373,47.155976,-122.297569,1
20386,CA,Reedly,93654,36.595175,-119.450599,1
20387,CO,HIGHLANDS RANCH,80130,39.561713,-104.912467,1
20388,ID,Heyburn,83336,42.572557,-113.730447,1
20389,NV,Battle Mountain,89820,40.648077,-116.943055,1
20390,CO,Del Norte,81132,37.677905,-106.355196,2
20392,NV,Jackpot,89825,41.98383,-114.670555,1
20393,WA,Entiat,98822,47.684827,-120.206919,1
20394,WA,Roche Harbor,98250,48.607282,-123.153777,1
20395,CO,Ignacio,81137,37.116608,-107.632614,1
20396,CA,BELLFLOWER,90706,33.87368,-118.124105,3
20399,CA,GARDEN GROVE,92840,33.787774,-117.941437,1
20400,NV,Wendover,89883,40.742989,-114.089253,1
20401,WA,Newport,99156,48.1817654,-117.043496,1
20402,CO,Byers,80103,39.703675636187,-104.22432857197,1
20403,NM,Santo Domingo Pueblo,87052,35.473059,-106.306437,1
20404,AZ,Gold Canyon,85118,33.364253,-111.473786,1
20405,CO,Caon City,81212,38.442404,-105.255778,1
20406,ID,Lewiston,83501,46.436715,-116.907519,2
20408,CA,March Air Reserve Base,92518,33.876372,-117.303043,3
20411,AZ,Tolleson,85353,33.419858,-112.273557,4
20415,CO,Bayfield,81122,37.225763,-107.604212,1
20416,OR,Timber,97144,45.760152,-123.300903,1
20417,ID,Moscow,83843,46.730184,-117.002174,1
20418,CA,Shafter,93263,35.467217,-119.209387,1
20419,OR,Fairview,97024,45.529404,-122.454209,1
20420,CO,Cedaredge,81413,38.897145,-107.925984,1
20421,CA,Camp Pendleton,92054,33.292408,-117.347649,22
20443,CA,Mather,95655,38.5732,-121.295448,1
20444,CA,SANTA BARBARA,93106,34.41442,-119.84748,1
20445,NV,CARSON CITY,89701,39.152289,-119.767711,1
20446,NV,SPARKS,89431,39.523882,-119.719116,1
20447,WA,SEATTLE,98112,47.63197,-122.28741,1
20448,CA,Point Mugu,93042,34.11012,-119.1101,5
20453,CO,BOULDER,80301,40.057846,-105.268567,1
20454,CO,FORT COLLINS,80526,40.560314,-105.080945,1
20455,CO,IDAHO SPRINGS,80452,39.739753,-105.521678,1
20456,ID,Blackfoot,83221,43.5321,-112.9442,3
20459,WA,VANCOUVER,98661,45.624407,-122.667352,1
20460,ID,Arco,83213,43.5837,-112.9655,1
20461,OR,BEND,97702,44.048956,-121.304775,1
20462,OR,Crescent,97733,43.460714,-121.696862,1
20463,OR,Porland,97232,45.529335,-122.65559,1
20464,WY,FE Warren AFB,82005,41.144813,-104.869861,1
20465,CA,Doyle,96113,40.141746,-120.145156,1
20466,CO,Peterson AFB,80915,38.829751,-104.708224,1
20467,ID,Mountain Home AFB,83648,43.050025,-115.869937,1
20468,UT,Hill AFB,84404,41.113153,-111.978573,4
20472,WA,Seatac,98198,47.422071,-122.301442,1
20473,WA,Marrowstone,98358,48.054272,-122.695343,1
20474,OR,Sheridan,97378,45.075794,-123.388714,1
20475,UT,Bluffdale,84065,40.505349,-111.950757,2
20477,CO,Florence,81226,38.355732,-105.096746,1
20478,CA,La Canada Flintridge,91011,34.200101,-118.173127,2
20480,ID,Cambridge,83610,44.5726487,-116.6747672,1
20481,NM,Caballo,87931,32.910744,-107.313336,1
20482,CA,Adelanto,92301,34.573073,-117.406424,1
20483,AZ,Show Low,85901,34.233549,-110.025359,1
20484,WA,MOUNT VERNON,98273,48.3989941,-122.3334128,1
20485,WA,Bow,98232,48.559758,-122.347134,1
20486,CA,Nipton,92364,35.435299,-115.70199,2
20488,CO,Minturn,81645,39.585539,-106.429476,2
20490,NM,Santa Teresa,88008,31.837494,-106.61481,1
20491,MT,Polson,59860,47.682564,-114.122491,1
20492,NM,Clovis,88101,34.396045,-103.167255,2
20494,AZ,Ajo,85321,32.392154,-112.873419,2
20496,CA,Copperopolis,95228,37.972905,-120.653248,1
20497,CA,Loomis,95650,38.817439,-121.189512,2
20499,CA,Pala,92059,33.363188,-117.084713,1
20500,AZ,White Hills,86445,35.715178,-114.483832,1
20501,NM,Clayton,88415,36.449504,-103.181864,1
20502,CA,Midway City,92655,33.743132,-117.992418,3
20505,CA,Los Alamitos,90720,33.798082,-118.071172,1
20506,CA,Sand City,93955,36.621969,-121.844173,1
20507,WA,Gold Bar,98251,47.854953,-121.696212,1
20508,WA,Lynden,98264,48.942575,-122.455243,1
20509,CO,Keenesburg,80643,40.11157,-104.52173,1
20510,CO,Monument,80132,39.092313,-104.852613,2
20512,CA,Bell,90201,33.977725,-118.188762,1
20513,CA,American Canyon,94503,38.184195,-122.255879,2
20515,CA,Hacienda Heights,91745,33.980196,-117.9738891,3
20518,AZ,Fountain Hills,85268,33.603766,-111.720948,2
20520,CA,North Highland,95660,38.649671,-121.384879,1
20521,CO,Fort Morgan,80701,40.261444,-103.771111,1
20522,CO,Flagler,80815,39.287311,-103.061362,1
20523,AZ,Queen Creek,85142,33.254471,-111.635664,1
20524,CO,South Fork,81154,37.669381,-106.642404,1
20525,OR,Hines,97738,43.572694,-119.074556,1
20526,OR,Toledo,97391,44.625424,-123.939249,3
20529,WA,Bingen,98605,45.714228,-121.461813,1
20530,CO,Granby,80446,40.085826,-105.946228,2
20532,WA,Richalnd,99352,46.26024,-119.309695,1
20533,CO,Nucla,81424,38.261451,-108.547371,1
20534,MT,Babb,59411,48.7582703,-113.4357597,1
20535,NV,Carlin,89822,40.718483,-116.106909,1
20536,WA,Chehalis,98532,46.6798738,-122.9771577,1
20537,CA,San Ysidro,92173,32.544659,-117.043331,1
20538,WA,Woodland,98674,45.92845,-122.76205,1
20539,CA,Pinole,94564,38.00011,-122.28698,1
20540,CA,Canyon Country,91351,34.415008,-118.471113,1
20541,CA,Orland,95963,39.7500793,-122.2026507,1
20542,WA,Quil Ceda Village,98271,48.09264,-122.1897,1
20543,CA,Salida,95368,37.710035,-121.078458,1
20544,CA,Dutch Flat,95714,39.187141,-120.832537,1
20545,CA,Emigrant Gap,95715,39.292158,-120.678454,1
20546,CA,Twin Bridges,95735,38.796189,-120.147,1
20547,CA,Winchester,92596,33.591935,-117.12139,1
20548,CO,Copper Mountain,80443,39.502382,-106.15758,1
20549,WA,Garfield,99130,47.009182,-117.144518,1
20550,CA,Central San Jose,95112,37.319994,-121.869993,1
20551,OR,Milwaukee,97222,45.431715,-122.582386,1
20552,CA,La Puente,91746,34.0407,-117.998,1
20553,WA,AUBURN,98002,47.3207,-122.219776,1
20554,OR,La Pine,97733,43.3545356,-121.8332948,1
20555,AZ,El Mirage,85335,33.56418,-112.33618,2
20557,CA,Bay Point,94565,38.021149,-121.942255,1
20558,OR,Elmira,97437,44.0741454,-123.352921,1
20559,CO,Wellington,80549,40.703674,-104.999549,3
